2026-08-01T00:01:09Z,st_d4sl1494gpvs73agno80,1 Autobus geltokia - Estación de autobuses,17,7
2026-08-01T00:01:09Z,st_d4sl14d0ol7c73bfvs4g,4 Antso Jakituna - Sancho el Sabio,9,15
2026-08-01T00:01:09Z,st_d4sl14emk29c73efcpf0,2 Leizaola plaza - Plaza de Leizaola,14,10
2026-08-01T00:01:09Z,st_d4sl14ffimdc73fprpdg,3 Ballester apezpikua - Obispo Ballester,8,16
2026-08-01T00:01:09Z,st_d4sl14gvnoqc739efe8g,5 Mendizorrotza - Mendizorroza,0,12
2026-08-01T00:01:09Z,st_d4sl14gvnoqc739efea0,7 Salburuko gizarte-etxea - C.C. Salburua,5,12
2026-08-01T00:01:09Z,st_d4sl14gvnoqc739efebg,9 Ibaiondoko gizarte-etxea - C.C. Ibaiondo,11,12
2026-08-01T00:01:09Z,st_d4sl14gvnoqc739efed0,10 AUO - HUA,1,11
2026-08-01T00:01:09Z,st_d4sl14h4gpvs73agnodg,6 Unibertsitatea - Universidad,0,10
2026-08-01T00:01:09Z,st_d4sl14p4gpvs73agnoi0,11 San Martin (Udala) - Ayuntamiento San Martín,5,5
2026-08-01T00:01:09Z,st_d51sccd4faec738epl3g,12 Zabalganeko gizarte-etxea - CC Zabalgana,2,8
2026-08-01T00:01:09Z,st_d7p43v8g4a6c73a823dg,8 Tren geltokia - Estación de Tren,3,8
2026-08-01T00:05:40Z,st_d4sl1494gpvs73agno80,1 Autobus geltokia - Estación de autobuses,17,7
2026-08-01T00:05:40Z,st_d4sl14d0ol7c73bfvs4g,4 Antso Jakituna - Sancho el Sabio,7,17
2026-08-01T00:05:40Z,st_d4sl14emk29c73efcpf0,2 Leizaola plaza - Plaza de Leizaola,14,10
2026-08-01T00:05:40Z,st_d4sl14ffimdc73fprpdg,3 Ballester apezpikua - Obispo Ballester,8,16
2026-08-01T00:05:40Z,st_d4sl14gvnoqc739efe8g,5 Mendizorrotza - Mendizorroza,0,12
2026-08-01T00:05:40Z,st_d4sl14gvnoqc739efea0,7 Salburuko gizarte-etxea - C.C. Salburua,5,12
2026-08-01T00:05:40Z,st_d4sl14gvnoqc739efebg,9 Ibaiondoko gizarte-etxea - C.C. Ibaiondo,11,12
2026-08-01T00:05:40Z,st_d4sl14gvnoqc739efed0,10 AUO - HUA,1,11
2026-08-01T00:05:40Z,st_d4sl14h4gpvs73agnodg,6 Unibertsitatea - Universidad,0,10
2026-08-01T00:05:40Z,st_d4sl14p4gpvs73agnoi0,11 San Martin (Udala) - Ayuntamiento San Martín,5,5
2026-08-01T00:05:40Z,st_d51sccd4faec738epl3g,12 Zabalganeko gizarte-etxea - CC Zabalgana,2,8
2026-08-01T00:05:40Z,st_d7p43v8g4a6c73a823dg,8 Tren geltokia - Estación de Tren,3,8
2026-08-01T00:10:55Z,st_d4sl1494gpvs73agno80,1 Autobus geltokia - Estación de autobuses,19,5
2026-08-01T00:10:55Z,st_d4sl14d0ol7c73bfvs4g,4 Antso Jakituna - Sancho el Sabio,7,17
2026-08-01T00:10:55Z,st_d4sl14emk29c73efcpf0,2 Leizaola plaza - Plaza de Leizaola,14,10
2026-08-01T00:10:55Z,st_d4sl14ffimdc73fprpdg,3 Ballester apezpikua - Obispo Ballester,8,16
2026-08-01T00:10:55Z,st_d4sl14gvnoqc739efe8g,5 Mendizorrotza - Mendizorroza,0,12
2026-08-01T00:10:55Z,st_d4sl14gvnoqc739efea0,7 Salburuko gizarte-etxea - C.C. Salburua,5,12
2026-08-01T00:10:55Z,st_d4sl14gvnoqc739efebg,9 Ibaiondoko gizarte-etxea - C.C. Ibaiondo,11,12
2026-08-01T00:10:55Z,st_d4sl14gvnoqc739efed0,10 AUO - HUA,1,11
2026-08-01T00:10:55Z,st_d4sl14h4gpvs73agnodg,6 Unibertsitatea - Universidad,0,10
2026-08-01T00:10:55Z,st_d4sl14p4gpvs73agnoi0,11 San Martin (Udala) - Ayuntamiento San Martín,5,5
2026-08-01T00:10:55Z,st_d51sccd4faec738epl3g,12 Zabalganeko gizarte-etxea - CC Zabalgana,2,8
2026-08-01T00:10:55Z,st_d7p43v8g4a6c73a823dg,8 Tren geltokia - Estación de Tren,3,8
2026-08-01T00:15:50Z,st_d4sl1494gpvs73agno80,1 Autobus geltokia - Estación de autobuses,19,5
2026-08-01T00:15:50Z,st_d4sl14d0ol7c73bfvs4g,4 Antso Jakituna - Sancho el Sabio,7,17
2026-08-01T00:15:50Z,st_d4sl14emk29c73efcpf0,2 Leizaola plaza - Plaza de Leizaola,14,10
2026-08-01T00:15:50Z,st_d4sl14ffimdc73fprpdg,3 Ballester apezpikua - Obispo Ballester,7,17
2026-08-01T00:15:50Z,st_d4sl14gvnoqc739efe8g,5 Mendizorrotza - Mendizorroza,0,12
2026-08-01T00:15:50Z,st_d4sl14gvnoqc739efea0,7 Salburuko gizarte-etxea - C.C. Salburua,5,12
2026-08-01T00:15:50Z,st_d4sl14gvnoqc739efebg,9 Ibaiondoko gizarte-etxea - C.C. Ibaiondo,11,12
2026-08-01T00:15:50Z,st_d4sl14gvnoqc739efed0,10 AUO - HUA,1,11
2026-08-01T00:15:50Z,st_d4sl14h4gpvs73agnodg,6 Unibertsitatea - Universidad,0,10
2026-08-01T00:15:50Z,st_d4sl14p4gpvs73agnoi0,11 San Martin (Udala) - Ayuntamiento San Martín,5,5
2026-08-01T00:15:50Z,st_d51sccd4faec738epl3g,12 Zabalganeko gizarte-etxea - CC Zabalgana,2,8
2026-08-01T00:15:50Z,st_d7p43v8g4a6c73a823dg,8 Tren geltokia - Estación de Tren,3,8
2026-08-01T00:20:42Z,st_d4sl1494gpvs73agno80,1 Autobus geltokia - Estación de autobuses,19,5
2026-08-01T00:20:42Z,st_d4sl14d0ol7c73bfvs4g,4 Antso Jakituna - Sancho el Sabio,7,17
2026-08-01T00:20:42Z,st_d4sl14emk29c73efcpf0,2 Leizaola plaza - Plaza de Leizaola,14,10
2026-08-01T00:20:42Z,st_d4sl14ffimdc73fprpdg,3 Ballester apezpikua - Obispo Ballester,7,17
2026-08-01T00:20:42Z,st_d4sl14gvnoqc739efe8g,5 Mendizorrotza - Mendizorroza,0,12
2026-08-01T00:20:42Z,st_d4sl14gvnoqc739efea0,7 Salburuko gizarte-etxea - C.C. Salburua,5,12
2026-08-01T00:20:42Z,st_d4sl14gvnoqc739efebg,9 Ibaiondoko gizarte-etxea - C.C. Ibaiondo,11,12
2026-08-01T00:20:42Z,st_d4sl14gvnoqc739efed0,10 AUO - HUA,1,11
2026-08-01T00:20:42Z,st_d4sl14h4gpvs73agnodg,6 Unibertsitatea - Universidad,0,10
2026-08-01T00:20:42Z,st_d4sl14p4gpvs73agnoi0,11 San Martin (Udala) - Ayuntamiento San Martín,5,5
2026-08-01T00:20:42Z,st_d51sccd4faec738epl3g,12 Zabalganeko gizarte-etxea - CC Zabalgana,2,8
2026-08-01T00:20:42Z,st_d7p43v8g4a6c73a823dg,8 Tren geltokia - Estación de Tren,3,8
2026-08-01T00:25:40Z,st_d4sl1494gpvs73agno80,1 Autobus geltokia - Estación de autobuses,19,5
2026-08-01T00:25:40Z,st_d4sl14d0ol7c73bfvs4g,4 Antso Jakituna - Sancho el Sabio,7,17
2026-08-01T00:25:40Z,st_d4sl14emk29c73efcpf0,2 Leizaola plaza - Plaza de Leizaola,14,10
2026-08-01T00:25:40Z,st_d4sl14ffimdc73fprpdg,3 Ballester apezpikua - Obispo Ballester,7,17
2026-08-01T00:25:40Z,st_d4sl14gvnoqc739efe8g,5 Mendizorrotza - Mendizorroza,0,12
2026-08-01T00:25:40Z,st_d4sl14gvnoqc739efea0,7 Salburuko gizarte-etxea - C.C. Salburua,5,12
2026-08-01T00:25:40Z,st_d4sl14gvnoqc739efebg,9 Ibaiondoko gizarte-etxea - C.C. Ibaiondo,11,12
2026-08-01T00:25:40Z,st_d4sl14gvnoqc739efed0,10 AUO - HUA,1,11
2026-08-01T00:25:40Z,st_d4sl14h4gpvs73agnodg,6 Unibertsitatea - Universidad,0,10
2026-08-01T00:25:40Z,st_d4sl14p4gpvs73agnoi0,11 San Martin (Udala) - Ayuntamiento San Martín,5,5
2026-08-01T00:25:40Z,st_d51sccd4faec738epl3g,12 Zabalganeko gizarte-etxea - CC Zabalgana,2,8
2026-08-01T00:25:40Z,st_d7p43v8g4a6c73a823dg,8 Tren geltokia - Estación de Tren,3,8
2026-08-01T00:30:55Z,st_d4sl1494gpvs73agno80,1 Autobus geltokia - Estación de autobuses,19,5
2026-08-01T00:30:55Z,st_d4sl14d0ol7c73bfvs4g,4 Antso Jakituna - Sancho el Sabio,7,17
2026-08-01T00:30:55Z,st_d4sl14emk29c73efcpf0,2 Leizaola plaza - Plaza de Leizaola,14,10
2026-08-01T00:30:55Z,st_d4sl14ffimdc73fprpdg,3 Ballester apezpikua - Obispo Ballester,7,17
2026-08-01T00:30:55Z,st_d4sl14gvnoqc739efe8g,5 Mendizorrotza - Mendizorroza,0,12
2026-08-01T00:30:55Z,st_d4sl14gvnoqc739efea0,7 Salburuko gizarte-etxea - C.C. Salburua,5,12
2026-08-01T00:30:55Z,st_d4sl14gvnoqc739efebg,9 Ibaiondoko gizarte-etxea - C.C. Ibaiondo,11,12
2026-08-01T00:30:55Z,st_d4sl14gvnoqc739efed0,10 AUO - HUA,1,11
2026-08-01T00:30:55Z,st_d4sl14h4gpvs73agnodg,6 Unibertsitatea - Universidad,0,10
2026-08-01T00:30:55Z,st_d4sl14p4gpvs73agnoi0,11 San Martin (Udala) - Ayuntamiento San Martín,4,6
2026-08-01T00:30:55Z,st_d51sccd4faec738epl3g,12 Zabalganeko gizarte-etxea - CC Zabalgana,2,8
2026-08-01T00:30:55Z,st_d7p43v8g4a6c73a823dg,8 Tren geltokia - Estación de Tren,3,8
2026-08-01T00:35:44Z,st_d4sl1494gpvs73agno80,1 Autobus geltokia - Estación de autobuses,21,3
2026-08-01T00:35:44Z,st_d4sl14d0ol7c73bfvs4g,4 Antso Jakituna - Sancho el Sabio,7,17
2026-08-01T00:35:44Z,st_d4sl14emk29c73efcpf0,2 Leizaola plaza - Plaza de Leizaola,14,10
2026-08-01T00:35:44Z,st_d4sl14ffimdc73fprpdg,3 Ballester apezpikua - Obispo Ballester,7,17
2026-08-01T00:35:44Z,st_d4sl14gvnoqc739efe8g,5 Mendizorrotza - Mendizorroza,0,12
2026-08-01T00:35:44Z,st_d4sl14gvnoqc739efea0,7 Salburuko gizarte-etxea - C.C. Salburua,5,12
2026-08-01T00:35:44Z,st_d4sl14gvnoqc739efebg,9 Ibaiondoko gizarte-etxea - C.C. Ibaiondo,11,12
2026-08-01T00:35:44Z,st_d4sl14gvnoqc739efed0,10 AUO - HUA,1,11
2026-08-01T00:35:44Z,st_d4sl14h4gpvs73agnodg,6 Unibertsitatea - Universidad,0,10
2026-08-01T00:35:44Z,st_d4sl14p4gpvs73agnoi0,11 San Martin (Udala) - Ayuntamiento San Martín,4,6
2026-08-01T00:35:44Z,st_d51sccd4faec738epl3g,12 Zabalganeko gizarte-etxea - CC Zabalgana,2,8
2026-08-01T00:35:44Z,st_d7p43v8g4a6c73a823dg,8 Tren geltokia - Estación de Tren,3,8
2026-08-01T00:40:39Z,st_d4sl1494gpvs73agno80,1 Autobus geltokia - Estación de autobuses,21,3
2026-08-01T00:40:39Z,st_d4sl14d0ol7c73bfvs4g,4 Antso Jakituna - Sancho el Sabio,7,17
2026-08-01T00:40:39Z,st_d4sl14emk29c73efcpf0,2 Leizaola plaza - Plaza de Leizaola,14,10
2026-08-01T00:40:39Z,st_d4sl14ffimdc73fprpdg,3 Ballester apezpikua - Obispo Ballester,7,17
2026-08-01T00:40:39Z,st_d4sl14gvnoqc739efe8g,5 Mendizorrotza - Mendizorroza,0,12
2026-08-01T00:40:39Z,st_d4sl14gvnoqc739efea0,7 Salburuko gizarte-etxea - C.C. Salburua,5,12
2026-08-01T00:40:39Z,st_d4sl14gvnoqc739efebg,9 Ibaiondoko gizarte-etxea - C.C. Ibaiondo,11,12
2026-08-01T00:40:39Z,st_d4sl14gvnoqc739efed0,10 AUO - HUA,1,11
2026-08-01T00:40:39Z,st_d4sl14h4gpvs73agnodg,6 Unibertsitatea - Universidad,0,10
2026-08-01T00:40:39Z,st_d4sl14p4gpvs73agnoi0,11 San Martin (Udala) - Ayuntamiento San Martín,3,7
2026-08-01T00:40:39Z,st_d51sccd4faec738epl3g,12 Zabalganeko gizarte-etxea - CC Zabalgana,2,8
2026-08-01T00:40:39Z,st_d7p43v8g4a6c73a823dg,8 Tren geltokia - Estación de Tren,3,8
2026-08-01T00:45:38Z,st_d4sl1494gpvs73agno80,1 Autobus geltokia - Estación de autobuses,21,3
2026-08-01T00:45:38Z,st_d4sl14d0ol7c73bfvs4g,4 Antso Jakituna - Sancho el Sabio,7,17
2026-08-01T00:45:38Z,st_d4sl14emk29c73efcpf0,2 Leizaola plaza - Plaza de Leizaola,14,10
2026-08-01T00:45:38Z,st_d4sl14ffimdc73fprpdg,3 Ballester apezpikua - Obispo Ballester,7,17
2026-08-01T00:45:38Z,st_d4sl14gvnoqc739efe8g,5 Mendizorrotza - Mendizorroza,0,12
2026-08-01T00:45:38Z,st_d4sl14gvnoqc739efea0,7 Salburuko gizarte-etxea - C.C. Salburua,5,12
2026-08-01T00:45:38Z,st_d4sl14gvnoqc739efebg,9 Ibaiondoko gizarte-etxea - C.C. Ibaiondo,11,12
2026-08-01T00:45:38Z,st_d4sl14gvnoqc739efed0,10 AUO - HUA,1,11
2026-08-01T00:45:38Z,st_d4sl14h4gpvs73agnodg,6 Unibertsitatea - Universidad,0,10
2026-08-01T00:45:38Z,st_d4sl14p4gpvs73agnoi0,11 San Martin (Udala) - Ayuntamiento San Martín,3,7
2026-08-01T00:45:38Z,st_d51sccd4faec738epl3g,12 Zabalganeko gizarte-etxea - CC Zabalgana,2,8
2026-08-01T00:45:38Z,st_d7p43v8g4a6c73a823dg,8 Tren geltokia - Estación de Tren,3,8
2026-08-01T00:50:52Z,st_d4sl1494gpvs73agno80,1 Autobus geltokia - Estación de autobuses,20,4
2026-08-01T00:50:52Z,st_d4sl14d0ol7c73bfvs4g,4 Antso Jakituna - Sancho el Sabio,7,17
2026-08-01T00:50:52Z,st_d4sl14emk29c73efcpf0,2 Leizaola plaza - Plaza de Leizaola,14,10
2026-08-01T00:50:52Z,st_d4sl14ffimdc73fprpdg,3 Ballester apezpikua - Obispo Ballester,8,16
2026-08-01T00:50:52Z,st_d4sl14gvnoqc739efe8g,5 Mendizorrotza - Mendizorroza,0,12
2026-08-01T00:50:52Z,st_d4sl14gvnoqc739efea0,7 Salburuko gizarte-etxea - C.C. Salburua,5,12
2026-08-01T00:50:52Z,st_d4sl14gvnoqc739efebg,9 Ibaiondoko gizarte-etxea - C.C. Ibaiondo,10,13
2026-08-01T00:50:52Z,st_d4sl14gvnoqc739efed0,10 AUO - HUA,1,11
2026-08-01T00:50:52Z,st_d4sl14h4gpvs73agnodg,6 Unibertsitatea - Universidad,0,10
2026-08-01T00:50:52Z,st_d4sl14p4gpvs73agnoi0,11 San Martin (Udala) - Ayuntamiento San Martín,3,7
2026-08-01T00:50:52Z,st_d51sccd4faec738epl3g,12 Zabalganeko gizarte-etxea - CC Zabalgana,2,8
2026-08-01T00:50:52Z,st_d7p43v8g4a6c73a823dg,8 Tren geltokia - Estación de Tren,3,8
2026-08-01T00:55:52Z,st_d4sl1494gpvs73agno80,1 Autobus geltokia - Estación de autobuses,20,4
2026-08-01T00:55:52Z,st_d4sl14d0ol7c73bfvs4g,4 Antso Jakituna - Sancho el Sabio,7,17
2026-08-01T00:55:52Z,st_d4sl14emk29c73efcpf0,2 Leizaola plaza - Plaza de Leizaola,14,10
2026-08-01T00:55:52Z,st_d4sl14ffimdc73fprpdg,3 Ballester apezpikua - Obispo Ballester,8,16
2026-08-01T00:55:52Z,st_d4sl14gvnoqc739efe8g,5 Mendizorrotza - Mendizorroza,0,12
2026-08-01T00:55:52Z,st_d4sl14gvnoqc739efea0,7 Salburuko gizarte-etxea - C.C. Salburua,5,12
2026-08-01T00:55:52Z,st_d4sl14gvnoqc739efebg,9 Ibaiondoko gizarte-etxea - C.C. Ibaiondo,10,13
2026-08-01T00:55:52Z,st_d4sl14gvnoqc739efed0,10 AUO - HUA,1,11
2026-08-01T00:55:52Z,st_d4sl14h4gpvs73agnodg,6 Unibertsitatea - Universidad,1,9
2026-08-01T00:55:52Z,st_d4sl14p4gpvs73agnoi0,11 San Martin (Udala) - Ayuntamiento San Martín,3,7
2026-08-01T00:55:52Z,st_d51sccd4faec738epl3g,12 Zabalganeko gizarte-etxea - CC Zabalgana,2,8
2026-08-01T00:55:52Z,st_d7p43v8g4a6c73a823dg,8 Tren geltokia - Estación de Tren,3,8
2026-08-01T01:01:02Z,st_d4sl1494gpvs73agno80,1 Autobus geltokia - Estación de autobuses,20,4
2026-08-01T01:01:02Z,st_d4sl14d0ol7c73bfvs4g,4 Antso Jakituna - Sancho el Sabio,7,17
2026-08-01T01:01:02Z,st_d4sl14emk29c73efcpf0,2 Leizaola plaza - Plaza de Leizaola,13,11
2026-08-01T01:01:02Z,st_d4sl14ffimdc73fprpdg,3 Ballester apezpikua - Obispo Ballester,8,16
2026-08-01T01:01:02Z,st_d4sl14gvnoqc739efe8g,5 Mendizorrotza - Mendizorroza,0,12
2026-08-01T01:01:02Z,st_d4sl14gvnoqc739efea0,7 Salburuko gizarte-etxea - C.C. Salburua,5,12
2026-08-01T01:01:02Z,st_d4sl14gvnoqc739efebg,9 Ibaiondoko gizarte-etxea - C.C. Ibaiondo,10,13
2026-08-01T01:01:02Z,st_d4sl14gvnoqc739efed0,10 AUO - HUA,1,11
2026-08-01T01:01:02Z,st_d4sl14h4gpvs73agnodg,6 Unibertsitatea - Universidad,1,9
2026-08-01T01:01:02Z,st_d4sl14p4gpvs73agnoi0,11 San Martin (Udala) - Ayuntamiento San Martín,3,7
2026-08-01T01:01:02Z,st_d51sccd4faec738epl3g,12 Zabalganeko gizarte-etxea - CC Zabalgana,2,8
2026-08-01T01:01:02Z,st_d7p43v8g4a6c73a823dg,8 Tren geltokia - Estación de Tren,3,8
2026-08-01T01:05:46Z,st_d4sl1494gpvs73agno80,1 Autobus geltokia - Estación de autobuses,20,4
2026-08-01T01:05:46Z,st_d4sl14d0ol7c73bfvs4g,4 Antso Jakituna - Sancho el Sabio,7,17
2026-08-01T01:05:46Z,st_d4sl14emk29c73efcpf0,2 Leizaola plaza - Plaza de Leizaola,14,10
2026-08-01T01:05:46Z,st_d4sl14ffimdc73fprpdg,3 Ballester apezpikua - Obispo Ballester,8,16
2026-08-01T01:05:46Z,st_d4sl14gvnoqc739efe8g,5 Mendizorrotza - Mendizorroza,0,12
2026-08-01T01:05:46Z,st_d4sl14gvnoqc739efea0,7 Salburuko gizarte-etxea - C.C. Salburua,5,12
2026-08-01T01:05:46Z,st_d4sl14gvnoqc739efebg,9 Ibaiondoko gizarte-etxea - C.C. Ibaiondo,10,13
2026-08-01T01:05:46Z,st_d4sl14gvnoqc739efed0,10 AUO - HUA,1,11
2026-08-01T01:05:46Z,st_d4sl14h4gpvs73agnodg,6 Unibertsitatea - Universidad,1,9
2026-08-01T01:05:46Z,st_d4sl14p4gpvs73agnoi0,11 San Martin (Udala) - Ayuntamiento San Martín,3,7
2026-08-01T01:05:46Z,st_d51sccd4faec738epl3g,12 Zabalganeko gizarte-etxea - CC Zabalgana,2,8
2026-08-01T01:05:46Z,st_d7p43v8g4a6c73a823dg,8 Tren geltokia - Estación de Tren,3,8
2026-08-01T01:10:51Z,st_d4sl1494gpvs73agno80,1 Autobus geltokia - Estación de autobuses,20,4
2026-08-01T01:10:51Z,st_d4sl14d0ol7c73bfvs4g,4 Antso Jakituna - Sancho el Sabio,7,17
2026-08-01T01:10:51Z,st_d4sl14emk29c73efcpf0,2 Leizaola plaza - Plaza de Leizaola,15,9
2026-08-01T01:10:51Z,st_d4sl14ffimdc73fprpdg,3 Ballester apezpikua - Obispo Ballester,7,17
2026-08-01T01:10:51Z,st_d4sl14gvnoqc739efe8g,5 Mendizorrotza - Mendizorroza,0,12
2026-08-01T01:10:51Z,st_d4sl14gvnoqc739efea0,7 Salburuko gizarte-etxea - C.C. Salburua,6,11
2026-08-01T01:10:51Z,st_d4sl14gvnoqc739efebg,9 Ibaiondoko gizarte-etxea - C.C. Ibaiondo,10,13
2026-08-01T01:10:51Z,st_d4sl14gvnoqc739efed0,10 AUO - HUA,1,11
2026-08-01T01:10:51Z,st_d4sl14h4gpvs73agnodg,6 Unibertsitatea - Universidad,1,9
2026-08-01T01:10:51Z,st_d4sl14p4gpvs73agnoi0,11 San Martin (Udala) - Ayuntamiento San Martín,3,7
2026-08-01T01:10:51Z,st_d51sccd4faec738epl3g,12 Zabalganeko gizarte-etxea - CC Zabalgana,2,8
2026-08-01T01:10:51Z,st_d7p43v8g4a6c73a823dg,8 Tren geltokia - Estación de Tren,3,8
2026-08-01T01:15:46Z,st_d4sl1494gpvs73agno80,1 Autobus geltokia - Estación de autobuses,20,4
2026-08-01T01:15:46Z,st_d4sl14d0ol7c73bfvs4g,4 Antso Jakituna - Sancho el Sabio,7,17
2026-08-01T01:15:46Z,st_d4sl14emk29c73efcpf0,2 Leizaola plaza - Plaza de Leizaola,15,9
2026-08-01T01:15:46Z,st_d4sl14ffimdc73fprpdg,3 Ballester apezpikua - Obispo Ballester,8,16
2026-08-01T01:15:46Z,st_d4sl14gvnoqc739efe8g,5 Mendizorrotza - Mendizorroza,0,12
2026-08-01T01:15:46Z,st_d4sl14gvnoqc739efea0,7 Salburuko gizarte-etxea - C.C. Salburua,6,11
2026-08-01T01:15:46Z,st_d4sl14gvnoqc739efebg,9 Ibaiondoko gizarte-etxea - C.C. Ibaiondo,10,13
2026-08-01T01:15:46Z,st_d4sl14gvnoqc739efed0,10 AUO - HUA,1,11
2026-08-01T01:15:46Z,st_d4sl14h4gpvs73agnodg,6 Unibertsitatea - Universidad,1,9
2026-08-01T01:15:46Z,st_d4sl14p4gpvs73agnoi0,11 San Martin (Udala) - Ayuntamiento San Martín,3,7
2026-08-01T01:15:46Z,st_d51sccd4faec738epl3g,12 Zabalganeko gizarte-etxea - CC Zabalgana,2,8
2026-08-01T01:15:46Z,st_d7p43v8g4a6c73a823dg,8 Tren geltokia - Estación de Tren,3,8
2026-08-01T01:20:46Z,st_d4sl1494gpvs73agno80,1 Autobus geltokia - Estación de autobuses,20,4
2026-08-01T01:20:46Z,st_d4sl14d0ol7c73bfvs4g,4 Antso Jakituna - Sancho el Sabio,7,17
2026-08-01T01:20:46Z,st_d4sl14emk29c73efcpf0,2 Leizaola plaza - Plaza de Leizaola,15,9
2026-08-01T01:20:46Z,st_d4sl14ffimdc73fprpdg,3 Ballester apezpikua - Obispo Ballester,8,16
2026-08-01T01:20:46Z,st_d4sl14gvnoqc739efe8g,5 Mendizorrotza - Mendizorroza,0,12
2026-08-01T01:20:46Z,st_d4sl14gvnoqc739efea0,7 Salburuko gizarte-etxea - C.C. Salburua,6,11
2026-08-01T01:20:46Z,st_d4sl14gvnoqc739efebg,9 Ibaiondoko gizarte-etxea - C.C. Ibaiondo,10,13
2026-08-01T01:20:46Z,st_d4sl14gvnoqc739efed0,10 AUO - HUA,1,11
2026-08-01T01:20:46Z,st_d4sl14h4gpvs73agnodg,6 Unibertsitatea - Universidad,1,9
2026-08-01T01:20:46Z,st_d4sl14p4gpvs73agnoi0,11 San Martin (Udala) - Ayuntamiento San Martín,3,7
2026-08-01T01:20:46Z,st_d51sccd4faec738epl3g,12 Zabalganeko gizarte-etxea - CC Zabalgana,2,8
2026-08-01T01:20:46Z,st_d7p43v8g4a6c73a823dg,8 Tren geltokia - Estación de Tren,3,8
2026-08-01T01:25:45Z,st_d4sl1494gpvs73agno80,1 Autobus geltokia - Estación de autobuses,20,4
2026-08-01T01:25:45Z,st_d4sl14d0ol7c73bfvs4g,4 Antso Jakituna - Sancho el Sabio,7,17
2026-08-01T01:25:45Z,st_d4sl14emk29c73efcpf0,2 Leizaola plaza - Plaza de Leizaola,15,9
2026-08-01T01:25:45Z,st_d4sl14ffimdc73fprpdg,3 Ballester apezpikua - Obispo Ballester,7,17
2026-08-01T01:25:45Z,st_d4sl14gvnoqc739efe8g,5 Mendizorrotza - Mendizorroza,0,12
2026-08-01T01:25:45Z,st_d4sl14gvnoqc739efea0,7 Salburuko gizarte-etxea - C.C. Salburua,6,11
2026-08-01T01:25:45Z,st_d4sl14gvnoqc739efebg,9 Ibaiondoko gizarte-etxea - C.C. Ibaiondo,10,13
2026-08-01T01:25:45Z,st_d4sl14gvnoqc739efed0,10 AUO - HUA,1,11
2026-08-01T01:25:45Z,st_d4sl14h4gpvs73agnodg,6 Unibertsitatea - Universidad,1,9
2026-08-01T01:25:45Z,st_d4sl14p4gpvs73agnoi0,11 San Martin (Udala) - Ayuntamiento San Martín,3,7
2026-08-01T01:25:45Z,st_d51sccd4faec738epl3g,12 Zabalganeko gizarte-etxea - CC Zabalgana,2,8
2026-08-01T01:25:45Z,st_d7p43v8g4a6c73a823dg,8 Tren geltokia - Estación de Tren,3,8
2026-08-01T01:30:54Z,st_d4sl1494gpvs73agno80,1 Autobus geltokia - Estación de autobuses,20,4
2026-08-01T01:30:54Z,st_d4sl14d0ol7c73bfvs4g,4 Antso Jakituna - Sancho el Sabio,7,17
2026-08-01T01:30:54Z,st_d4sl14emk29c73efcpf0,2 Leizaola plaza - Plaza de Leizaola,15,9
2026-08-01T01:30:54Z,st_d4sl14ffimdc73fprpdg,3 Ballester apezpikua - Obispo Ballester,8,16
2026-08-01T01:30:54Z,st_d4sl14gvnoqc739efe8g,5 Mendizorrotza - Mendizorroza,0,12
2026-08-01T01:30:54Z,st_d4sl14gvnoqc739efea0,7 Salburuko gizarte-etxea - C.C. Salburua,6,11
2026-08-01T01:30:54Z,st_d4sl14gvnoqc739efebg,9 Ibaiondoko gizarte-etxea - C.C. Ibaiondo,10,13
2026-08-01T01:30:54Z,st_d4sl14gvnoqc739efed0,10 AUO - HUA,1,11
2026-08-01T01:30:54Z,st_d4sl14h4gpvs73agnodg,6 Unibertsitatea - Universidad,1,9
2026-08-01T01:30:54Z,st_d4sl14p4gpvs73agnoi0,11 San Martin (Udala) - Ayuntamiento San Martín,3,7
2026-08-01T01:30:54Z,st_d51sccd4faec738epl3g,12 Zabalganeko gizarte-etxea - CC Zabalgana,2,8
2026-08-01T01:30:54Z,st_d7p43v8g4a6c73a823dg,8 Tren geltokia - Estación de Tren,3,8
2026-08-01T01:35:45Z,st_d4sl1494gpvs73agno80,1 Autobus geltokia - Estación de autobuses,19,5
2026-08-01T01:35:45Z,st_d4sl14d0ol7c73bfvs4g,4 Antso Jakituna - Sancho el Sabio,7,17
2026-08-01T01:35:45Z,st_d4sl14emk29c73efcpf0,2 Leizaola plaza - Plaza de Leizaola,14,10
2026-08-01T01:35:45Z,st_d4sl14ffimdc73fprpdg,3 Ballester apezpikua - Obispo Ballester,8,16
2026-08-01T01:35:45Z,st_d4sl14gvnoqc739efe8g,5 Mendizorrotza - Mendizorroza,0,12
2026-08-01T01:35:45Z,st_d4sl14gvnoqc739efea0,7 Salburuko gizarte-etxea - C.C. Salburua,6,11
2026-08-01T01:35:45Z,st_d4sl14gvnoqc739efebg,9 Ibaiondoko gizarte-etxea - C.C. Ibaiondo,10,13
2026-08-01T01:35:45Z,st_d4sl14gvnoqc739efed0,10 AUO - HUA,1,11
2026-08-01T01:35:45Z,st_d4sl14h4gpvs73agnodg,6 Unibertsitatea - Universidad,1,9
2026-08-01T01:35:45Z,st_d4sl14p4gpvs73agnoi0,11 San Martin (Udala) - Ayuntamiento San Martín,3,7
2026-08-01T01:35:45Z,st_d51sccd4faec738epl3g,12 Zabalganeko gizarte-etxea - CC Zabalgana,2,8
2026-08-01T01:35:45Z,st_d7p43v8g4a6c73a823dg,8 Tren geltokia - Estación de Tren,3,8
2026-08-01T01:40:45Z,st_d4sl1494gpvs73agno80,1 Autobus geltokia - Estación de autobuses,19,5
2026-08-01T01:40:45Z,st_d4sl14d0ol7c73bfvs4g,4 Antso Jakituna - Sancho el Sabio,7,17
2026-08-01T01:40:45Z,st_d4sl14emk29c73efcpf0,2 Leizaola plaza - Plaza de Leizaola,13,11
2026-08-01T01:40:45Z,st_d4sl14ffimdc73fprpdg,3 Ballester apezpikua - Obispo Ballester,8,16
2026-08-01T01:40:45Z,st_d4sl14gvnoqc739efe8g,5 Mendizorrotza - Mendizorroza,0,12
2026-08-01T01:40:45Z,st_d4sl14gvnoqc739efea0,7 Salburuko gizarte-etxea - C.C. Salburua,5,12
2026-08-01T01:40:45Z,st_d4sl14gvnoqc739efebg,9 Ibaiondoko gizarte-etxea - C.C. Ibaiondo,10,13
2026-08-01T01:40:45Z,st_d4sl14gvnoqc739efed0,10 AUO - HUA,1,11
2026-08-01T01:40:45Z,st_d4sl14h4gpvs73agnodg,6 Unibertsitatea - Universidad,1,9
2026-08-01T01:40:45Z,st_d4sl14p4gpvs73agnoi0,11 San Martin (Udala) - Ayuntamiento San Martín,3,7
2026-08-01T01:40:45Z,st_d51sccd4faec738epl3g,12 Zabalganeko gizarte-etxea - CC Zabalgana,2,8
2026-08-01T01:40:45Z,st_d7p43v8g4a6c73a823dg,8 Tren geltokia - Estación de Tren,3,8
2026-08-01T01:45:55Z,st_d4sl1494gpvs73agno80,1 Autobus geltokia - Estación de autobuses,19,5
2026-08-01T01:45:55Z,st_d4sl14d0ol7c73bfvs4g,4 Antso Jakituna - Sancho el Sabio,7,17
2026-08-01T01:45:55Z,st_d4sl14emk29c73efcpf0,2 Leizaola plaza - Plaza de Leizaola,13,11
2026-08-01T01:45:55Z,st_d4sl14ffimdc73fprpdg,3 Ballester apezpikua - Obispo Ballester,8,16
2026-08-01T01:45:55Z,st_d4sl14gvnoqc739efe8g,5 Mendizorrotza - Mendizorroza,0,12
2026-08-01T01:45:55Z,st_d4sl14gvnoqc739efea0,7 Salburuko gizarte-etxea - C.C. Salburua,5,12
2026-08-01T01:45:55Z,st_d4sl14gvnoqc739efebg,9 Ibaiondoko gizarte-etxea - C.C. Ibaiondo,10,13
2026-08-01T01:45:55Z,st_d4sl14gvnoqc739efed0,10 AUO - HUA,1,11
2026-08-01T01:45:55Z,st_d4sl14h4gpvs73agnodg,6 Unibertsitatea - Universidad,1,9
2026-08-01T01:45:55Z,st_d4sl14p4gpvs73agnoi0,11 San Martin (Udala) - Ayuntamiento San Martín,2,8
2026-08-01T01:45:55Z,st_d51sccd4faec738epl3g,12 Zabalganeko gizarte-etxea - CC Zabalgana,2,8
2026-08-01T01:45:55Z,st_d7p43v8g4a6c73a823dg,8 Tren geltokia - Estación de Tren,3,8
2026-08-01T01:50:45Z,st_d4sl1494gpvs73agno80,1 Autobus geltokia - Estación de autobuses,19,5
2026-08-01T01:50:45Z,st_d4sl14d0ol7c73bfvs4g,4 Antso Jakituna - Sancho el Sabio,7,17
2026-08-01T01:50:45Z,st_d4sl14emk29c73efcpf0,2 Leizaola plaza - Plaza de Leizaola,13,11
2026-08-01T01:50:45Z,st_d4sl14ffimdc73fprpdg,3 Ballester apezpikua - Obispo Ballester,8,16
2026-08-01T01:50:45Z,st_d4sl14gvnoqc739efe8g,5 Mendizorrotza - Mendizorroza,0,12
2026-08-01T01:50:45Z,st_d4sl14gvnoqc739efea0,7 Salburuko gizarte-etxea - C.C. Salburua,5,12
2026-08-01T01:50:45Z,st_d4sl14gvnoqc739efebg,9 Ibaiondoko gizarte-etxea - C.C. Ibaiondo,10,13
2026-08-01T01:50:45Z,st_d4sl14gvnoqc739efed0,10 AUO - HUA,2,10
2026-08-01T01:50:45Z,st_d4sl14h4gpvs73agnodg,6 Unibertsitatea - Universidad,1,9
2026-08-01T01:50:45Z,st_d4sl14p4gpvs73agnoi0,11 San Martin (Udala) - Ayuntamiento San Martín,2,8
2026-08-01T01:50:45Z,st_d51sccd4faec738epl3g,12 Zabalganeko gizarte-etxea - CC Zabalgana,2,8
2026-08-01T01:50:45Z,st_d7p43v8g4a6c73a823dg,8 Tren geltokia - Estación de Tren,3,8
2026-08-01T01:55:55Z,st_d4sl1494gpvs73agno80,1 Autobus geltokia - Estación de autobuses,19,5
2026-08-01T01:55:55Z,st_d4sl14d0ol7c73bfvs4g,4 Antso Jakituna - Sancho el Sabio,7,17
2026-08-01T01:55:55Z,st_d4sl14emk29c73efcpf0,2 Leizaola plaza - Plaza de Leizaola,13,11
2026-08-01T01:55:55Z,st_d4sl14ffimdc73fprpdg,3 Ballester apezpikua - Obispo Ballester,8,16
2026-08-01T01:55:55Z,st_d4sl14gvnoqc739efe8g,5 Mendizorrotza - Mendizorroza,0,12
2026-08-01T01:55:55Z,st_d4sl14gvnoqc739efea0,7 Salburuko gizarte-etxea - C.C. Salburua,5,12
2026-08-01T01:55:55Z,st_d4sl14gvnoqc739efebg,9 Ibaiondoko gizarte-etxea - C.C. Ibaiondo,10,13
2026-08-01T01:55:55Z,st_d4sl14gvnoqc739efed0,10 AUO - HUA,2,10
2026-08-01T01:55:55Z,st_d4sl14h4gpvs73agnodg,6 Unibertsitatea - Universidad,1,9
2026-08-01T01:55:55Z,st_d4sl14p4gpvs73agnoi0,11 San Martin (Udala) - Ayuntamiento San Martín,2,8
2026-08-01T01:55:55Z,st_d51sccd4faec738epl3g,12 Zabalganeko gizarte-etxea - CC Zabalgana,2,8
2026-08-01T01:55:55Z,st_d7p43v8g4a6c73a823dg,8 Tren geltokia - Estación de Tren,3,8
2026-08-01T02:00:59Z,st_d4sl1494gpvs73agno80,1 Autobus geltokia - Estación de autobuses,19,5
2026-08-01T02:00:59Z,st_d4sl14d0ol7c73bfvs4g,4 Antso Jakituna - Sancho el Sabio,7,17
2026-08-01T02:00:59Z,st_d4sl14emk29c73efcpf0,2 Leizaola plaza - Plaza de Leizaola,13,11
2026-08-01T02:00:59Z,st_d4sl14ffimdc73fprpdg,3 Ballester apezpikua - Obispo Ballester,7,17
2026-08-01T02:00:59Z,st_d4sl14gvnoqc739efe8g,5 Mendizorrotza - Mendizorroza,0,12
2026-08-01T02:00:59Z,st_d4sl14gvnoqc739efea0,7 Salburuko gizarte-etxea - C.C. Salburua,5,12
2026-08-01T02:00:59Z,st_d4sl14gvnoqc739efebg,9 Ibaiondoko gizarte-etxea - C.C. Ibaiondo,10,13
2026-08-01T02:00:59Z,st_d4sl14gvnoqc739efed0,10 AUO - HUA,2,10
2026-08-01T02:00:59Z,st_d4sl14h4gpvs73agnodg,6 Unibertsitatea - Universidad,1,9
2026-08-01T02:00:59Z,st_d4sl14p4gpvs73agnoi0,11 San Martin (Udala) - Ayuntamiento San Martín,2,8
2026-08-01T02:00:59Z,st_d51sccd4faec738epl3g,12 Zabalganeko gizarte-etxea - CC Zabalgana,2,8
2026-08-01T02:00:59Z,st_d7p43v8g4a6c73a823dg,8 Tren geltokia - Estación de Tren,3,8
2026-08-01T02:05:51Z,st_d4sl1494gpvs73agno80,1 Autobus geltokia - Estación de autobuses,20,4
2026-08-01T02:05:51Z,st_d4sl14d0ol7c73bfvs4g,4 Antso Jakituna - Sancho el Sabio,6,18
2026-08-01T02:05:51Z,st_d4sl14emk29c73efcpf0,2 Leizaola plaza - Plaza de Leizaola,13,11
2026-08-01T02:05:51Z,st_d4sl14ffimdc73fprpdg,3 Ballester apezpikua - Obispo Ballester,7,17
2026-08-01T02:05:51Z,st_d4sl14gvnoqc739efe8g,5 Mendizorrotza - Mendizorroza,0,12
2026-08-01T02:05:51Z,st_d4sl14gvnoqc739efea0,7 Salburuko gizarte-etxea - C.C. Salburua,5,12
2026-08-01T02:05:51Z,st_d4sl14gvnoqc739efebg,9 Ibaiondoko gizarte-etxea - C.C. Ibaiondo,10,13
2026-08-01T02:05:51Z,st_d4sl14gvnoqc739efed0,10 AUO - HUA,2,10
2026-08-01T02:05:51Z,st_d4sl14h4gpvs73agnodg,6 Unibertsitatea - Universidad,1,9
2026-08-01T02:05:51Z,st_d4sl14p4gpvs73agnoi0,11 San Martin (Udala) - Ayuntamiento San Martín,1,9
2026-08-01T02:05:51Z,st_d51sccd4faec738epl3g,12 Zabalganeko gizarte-etxea - CC Zabalgana,2,8
2026-08-01T02:05:51Z,st_d7p43v8g4a6c73a823dg,8 Tren geltokia - Estación de Tren,3,8
2026-08-01T02:10:39Z,st_d4sl1494gpvs73agno80,1 Autobus geltokia - Estación de autobuses,18,6
2026-08-01T02:10:39Z,st_d4sl14d0ol7c73bfvs4g,4 Antso Jakituna - Sancho el Sabio,8,16
2026-08-01T02:10:39Z,st_d4sl14emk29c73efcpf0,2 Leizaola plaza - Plaza de Leizaola,10,14
2026-08-01T02:10:39Z,st_d4sl14ffimdc73fprpdg,3 Ballester apezpikua - Obispo Ballester,7,17
2026-08-01T02:10:39Z,st_d4sl14gvnoqc739efe8g,5 Mendizorrotza - Mendizorroza,0,12
2026-08-01T02:10:39Z,st_d4sl14gvnoqc739efea0,7 Salburuko gizarte-etxea - C.C. Salburua,5,12
2026-08-01T02:10:39Z,st_d4sl14gvnoqc739efebg,9 Ibaiondoko gizarte-etxea - C.C. Ibaiondo,10,13
2026-08-01T02:10:39Z,st_d4sl14gvnoqc739efed0,10 AUO - HUA,2,10
2026-08-01T02:10:39Z,st_d4sl14h4gpvs73agnodg,6 Unibertsitatea - Universidad,1,9
2026-08-01T02:10:39Z,st_d4sl14p4gpvs73agnoi0,11 San Martin (Udala) - Ayuntamiento San Martín,0,10
2026-08-01T02:10:39Z,st_d51sccd4faec738epl3g,12 Zabalganeko gizarte-etxea - CC Zabalgana,2,8
2026-08-01T02:10:39Z,st_d7p43v8g4a6c73a823dg,8 Tren geltokia - Estación de Tren,3,8
2026-08-01T02:15:44Z,st_d4sl1494gpvs73agno80,1 Autobus geltokia - Estación de autobuses,21,3
2026-08-01T02:15:44Z,st_d4sl14d0ol7c73bfvs4g,4 Antso Jakituna - Sancho el Sabio,6,18
2026-08-01T02:15:44Z,st_d4sl14emk29c73efcpf0,2 Leizaola plaza - Plaza de Leizaola,14,10
2026-08-01T02:15:44Z,st_d4sl14ffimdc73fprpdg,3 Ballester apezpikua - Obispo Ballester,7,17
2026-08-01T02:15:44Z,st_d4sl14gvnoqc739efe8g,5 Mendizorrotza - Mendizorroza,0,12
2026-08-01T02:15:44Z,st_d4sl14gvnoqc739efea0,7 Salburuko gizarte-etxea - C.C. Salburua,5,12
2026-08-01T02:15:44Z,st_d4sl14gvnoqc739efebg,9 Ibaiondoko gizarte-etxea - C.C. Ibaiondo,10,13
2026-08-01T02:15:44Z,st_d4sl14gvnoqc739efed0,10 AUO - HUA,2,10
2026-08-01T02:15:44Z,st_d4sl14h4gpvs73agnodg,6 Unibertsitatea - Universidad,1,9
2026-08-01T02:15:44Z,st_d4sl14p4gpvs73agnoi0,11 San Martin (Udala) - Ayuntamiento San Martín,0,10
2026-08-01T02:15:44Z,st_d51sccd4faec738epl3g,12 Zabalganeko gizarte-etxea - CC Zabalgana,2,8
2026-08-01T02:15:44Z,st_d7p43v8g4a6c73a823dg,8 Tren geltokia - Estación de Tren,3,8
2026-08-01T02:20:46Z,st_d4sl1494gpvs73agno80,1 Autobus geltokia - Estación de autobuses,21,3
2026-08-01T02:20:46Z,st_d4sl14d0ol7c73bfvs4g,4 Antso Jakituna - Sancho el Sabio,8,16
2026-08-01T02:20:46Z,st_d4sl14emk29c73efcpf0,2 Leizaola plaza - Plaza de Leizaola,13,11
2026-08-01T02:20:46Z,st_d4sl14ffimdc73fprpdg,3 Ballester apezpikua - Obispo Ballester,7,17
2026-08-01T02:20:46Z,st_d4sl14gvnoqc739efe8g,5 Mendizorrotza - Mendizorroza,1,11
2026-08-01T02:20:46Z,st_d4sl14gvnoqc739efea0,7 Salburuko gizarte-etxea - C.C. Salburua,5,12
2026-08-01T02:20:46Z,st_d4sl14gvnoqc739efebg,9 Ibaiondoko gizarte-etxea - C.C. Ibaiondo,10,13
2026-08-01T02:20:46Z,st_d4sl14gvnoqc739efed0,10 AUO - HUA,2,10
2026-08-01T02:20:46Z,st_d4sl14h4gpvs73agnodg,6 Unibertsitatea - Universidad,1,9
2026-08-01T02:20:46Z,st_d4sl14p4gpvs73agnoi0,11 San Martin (Udala) - Ayuntamiento San Martín,0,10
2026-08-01T02:20:46Z,st_d51sccd4faec738epl3g,12 Zabalganeko gizarte-etxea - CC Zabalgana,2,8
2026-08-01T02:20:46Z,st_d7p43v8g4a6c73a823dg,8 Tren geltokia - Estación de Tren,3,8
2026-08-01T02:25:51Z,st_d4sl1494gpvs73agno80,1 Autobus geltokia - Estación de autobuses,21,3
2026-08-01T02:25:51Z,st_d4sl14d0ol7c73bfvs4g,4 Antso Jakituna - Sancho el Sabio,8,16
2026-08-01T02:25:51Z,st_d4sl14emk29c73efcpf0,2 Leizaola plaza - Plaza de Leizaola,11,13
2026-08-01T02:25:51Z,st_d4sl14ffimdc73fprpdg,3 Ballester apezpikua - Obispo Ballester,7,17
2026-08-01T02:25:51Z,st_d4sl14gvnoqc739efe8g,5 Mendizorrotza - Mendizorroza,1,11
2026-08-01T02:25:51Z,st_d4sl14gvnoqc739efea0,7 Salburuko gizarte-etxea - C.C. Salburua,5,12
2026-08-01T02:25:51Z,st_d4sl14gvnoqc739efebg,9 Ibaiondoko gizarte-etxea - C.C. Ibaiondo,10,13
2026-08-01T02:25:51Z,st_d4sl14gvnoqc739efed0,10 AUO - HUA,2,10
2026-08-01T02:25:51Z,st_d4sl14h4gpvs73agnodg,6 Unibertsitatea - Universidad,1,9
2026-08-01T02:25:51Z,st_d4sl14p4gpvs73agnoi0,11 San Martin (Udala) - Ayuntamiento San Martín,0,10
2026-08-01T02:25:51Z,st_d51sccd4faec738epl3g,12 Zabalganeko gizarte-etxea - CC Zabalgana,2,8
2026-08-01T02:25:51Z,st_d7p43v8g4a6c73a823dg,8 Tren geltokia - Estación de Tren,3,8
2026-08-01T02:30:59Z,st_d4sl1494gpvs73agno80,1 Autobus geltokia - Estación de autobuses,20,4
2026-08-01T02:30:59Z,st_d4sl14d0ol7c73bfvs4g,4 Antso Jakituna - Sancho el Sabio,8,16
2026-08-01T02:30:59Z,st_d4sl14emk29c73efcpf0,2 Leizaola plaza - Plaza de Leizaola,13,11
2026-08-01T02:30:59Z,st_d4sl14ffimdc73fprpdg,3 Ballester apezpikua - Obispo Ballester,7,17
2026-08-01T02:30:59Z,st_d4sl14gvnoqc739efe8g,5 Mendizorrotza - Mendizorroza,1,11
2026-08-01T02:30:59Z,st_d4sl14gvnoqc739efea0,7 Salburuko gizarte-etxea - C.C. Salburua,5,12
2026-08-01T02:30:59Z,st_d4sl14gvnoqc739efebg,9 Ibaiondoko gizarte-etxea - C.C. Ibaiondo,10,13
2026-08-01T02:30:59Z,st_d4sl14gvnoqc739efed0,10 AUO - HUA,2,10
2026-08-01T02:30:59Z,st_d4sl14h4gpvs73agnodg,6 Unibertsitatea - Universidad,1,9
2026-08-01T02:30:59Z,st_d4sl14p4gpvs73agnoi0,11 San Martin (Udala) - Ayuntamiento San Martín,0,10
2026-08-01T02:30:59Z,st_d51sccd4faec738epl3g,12 Zabalganeko gizarte-etxea - CC Zabalgana,2,8
2026-08-01T02:30:59Z,st_d7p43v8g4a6c73a823dg,8 Tren geltokia - Estación de Tren,3,8
2026-08-01T02:35:37Z,st_d4sl1494gpvs73agno80,1 Autobus geltokia - Estación de autobuses,21,3
2026-08-01T02:35:37Z,st_d4sl14d0ol7c73bfvs4g,4 Antso Jakituna - Sancho el Sabio,4,20
2026-08-01T02:35:37Z,st_d4sl14emk29c73efcpf0,2 Leizaola plaza - Plaza de Leizaola,13,11
2026-08-01T02:35:37Z,st_d4sl14ffimdc73fprpdg,3 Ballester apezpikua - Obispo Ballester,7,17
2026-08-01T02:35:37Z,st_d4sl14gvnoqc739efe8g,5 Mendizorrotza - Mendizorroza,1,11
2026-08-01T02:35:37Z,st_d4sl14gvnoqc739efea0,7 Salburuko gizarte-etxea - C.C. Salburua,5,12
2026-08-01T02:35:37Z,st_d4sl14gvnoqc739efebg,9 Ibaiondoko gizarte-etxea - C.C. Ibaiondo,10,13
2026-08-01T02:35:37Z,st_d4sl14gvnoqc739efed0,10 AUO - HUA,2,10
2026-08-01T02:35:37Z,st_d4sl14h4gpvs73agnodg,6 Unibertsitatea - Universidad,1,9
2026-08-01T02:35:37Z,st_d4sl14p4gpvs73agnoi0,11 San Martin (Udala) - Ayuntamiento San Martín,0,10
2026-08-01T02:35:37Z,st_d51sccd4faec738epl3g,12 Zabalganeko gizarte-etxea - CC Zabalgana,2,8
2026-08-01T02:35:37Z,st_d7p43v8g4a6c73a823dg,8 Tren geltokia - Estación de Tren,3,8
2026-08-01T02:40:48Z,st_d4sl1494gpvs73agno80,1 Autobus geltokia - Estación de autobuses,18,6
2026-08-01T02:40:48Z,st_d4sl14d0ol7c73bfvs4g,4 Antso Jakituna - Sancho el Sabio,4,20
2026-08-01T02:40:48Z,st_d4sl14emk29c73efcpf0,2 Leizaola plaza - Plaza de Leizaola,13,11
2026-08-01T02:40:48Z,st_d4sl14ffimdc73fprpdg,3 Ballester apezpikua - Obispo Ballester,6,18
2026-08-01T02:40:48Z,st_d4sl14gvnoqc739efe8g,5 Mendizorrotza - Mendizorroza,1,11
2026-08-01T02:40:48Z,st_d4sl14gvnoqc739efea0,7 Salburuko gizarte-etxea - C.C. Salburua,5,12
2026-08-01T02:40:48Z,st_d4sl14gvnoqc739efebg,9 Ibaiondoko gizarte-etxea - C.C. Ibaiondo,10,13
2026-08-01T02:40:48Z,st_d4sl14gvnoqc739efed0,10 AUO - HUA,2,10
2026-08-01T02:40:48Z,st_d4sl14h4gpvs73agnodg,6 Unibertsitatea - Universidad,1,9
2026-08-01T02:40:48Z,st_d4sl14p4gpvs73agnoi0,11 San Martin (Udala) - Ayuntamiento San Martín,0,10
2026-08-01T02:40:48Z,st_d51sccd4faec738epl3g,12 Zabalganeko gizarte-etxea - CC Zabalgana,2,8
2026-08-01T02:40:48Z,st_d7p43v8g4a6c73a823dg,8 Tren geltokia - Estación de Tren,3,8
2026-08-01T02:45:54Z,st_d4sl1494gpvs73agno80,1 Autobus geltokia - Estación de autobuses,20,4
2026-08-01T02:45:54Z,st_d4sl14d0ol7c73bfvs4g,4 Antso Jakituna - Sancho el Sabio,4,20
2026-08-01T02:45:54Z,st_d4sl14emk29c73efcpf0,2 Leizaola plaza - Plaza de Leizaola,13,11
2026-08-01T02:45:54Z,st_d4sl14ffimdc73fprpdg,3 Ballester apezpikua - Obispo Ballester,6,18
2026-08-01T02:45:54Z,st_d4sl14gvnoqc739efe8g,5 Mendizorrotza - Mendizorroza,1,11
2026-08-01T02:45:54Z,st_d4sl14gvnoqc739efea0,7 Salburuko gizarte-etxea - C.C. Salburua,5,12
2026-08-01T02:45:54Z,st_d4sl14gvnoqc739efebg,9 Ibaiondoko gizarte-etxea - C.C. Ibaiondo,10,13
2026-08-01T02:45:54Z,st_d4sl14gvnoqc739efed0,10 AUO - HUA,2,10
2026-08-01T02:45:54Z,st_d4sl14h4gpvs73agnodg,6 Unibertsitatea - Universidad,1,9
2026-08-01T02:45:54Z,st_d4sl14p4gpvs73agnoi0,11 San Martin (Udala) - Ayuntamiento San Martín,0,10
2026-08-01T02:45:54Z,st_d51sccd4faec738epl3g,12 Zabalganeko gizarte-etxea - CC Zabalgana,2,8
2026-08-01T02:45:54Z,st_d7p43v8g4a6c73a823dg,8 Tren geltokia - Estación de Tren,3,8
2026-08-01T02:50:43Z,st_d4sl1494gpvs73agno80,1 Autobus geltokia - Estación de autobuses,20,4
2026-08-01T02:50:43Z,st_d4sl14d0ol7c73bfvs4g,4 Antso Jakituna - Sancho el Sabio,8,16
2026-08-01T02:50:43Z,st_d4sl14emk29c73efcpf0,2 Leizaola plaza - Plaza de Leizaola,13,11
2026-08-01T02:50:43Z,st_d4sl14ffimdc73fprpdg,3 Ballester apezpikua - Obispo Ballester,6,18
2026-08-01T02:50:43Z,st_d4sl14gvnoqc739efe8g,5 Mendizorrotza - Mendizorroza,1,11
2026-08-01T02:50:43Z,st_d4sl14gvnoqc739efea0,7 Salburuko gizarte-etxea - C.C. Salburua,5,12
2026-08-01T02:50:43Z,st_d4sl14gvnoqc739efebg,9 Ibaiondoko gizarte-etxea - C.C. Ibaiondo,10,13
2026-08-01T02:50:43Z,st_d4sl14gvnoqc739efed0,10 AUO - HUA,2,10
2026-08-01T02:50:43Z,st_d4sl14h4gpvs73agnodg,6 Unibertsitatea - Universidad,1,9
2026-08-01T02:50:43Z,st_d4sl14p4gpvs73agnoi0,11 San Martin (Udala) - Ayuntamiento San Martín,0,10
2026-08-01T02:50:43Z,st_d51sccd4faec738epl3g,12 Zabalganeko gizarte-etxea - CC Zabalgana,2,8
2026-08-01T02:50:43Z,st_d7p43v8g4a6c73a823dg,8 Tren geltokia - Estación de Tren,3,8
2026-08-01T02:55:38Z,st_d4sl1494gpvs73agno80,1 Autobus geltokia - Estación de autobuses,20,4
2026-08-01T02:55:38Z,st_d4sl14d0ol7c73bfvs4g,4 Antso Jakituna - Sancho el Sabio,8,16
2026-08-01T02:55:38Z,st_d4sl14emk29c73efcpf0,2 Leizaola plaza - Plaza de Leizaola,11,13
2026-08-01T02:55:38Z,st_d4sl14ffimdc73fprpdg,3 Ballester apezpikua - Obispo Ballester,5,19
2026-08-01T02:55:38Z,st_d4sl14gvnoqc739efe8g,5 Mendizorrotza - Mendizorroza,1,11
2026-08-01T02:55:38Z,st_d4sl14gvnoqc739efea0,7 Salburuko gizarte-etxea - C.C. Salburua,5,12
2026-08-01T02:55:38Z,st_d4sl14gvnoqc739efebg,9 Ibaiondoko gizarte-etxea - C.C. Ibaiondo,10,13
2026-08-01T02:55:38Z,st_d4sl14gvnoqc739efed0,10 AUO - HUA,2,10
2026-08-01T02:55:38Z,st_d4sl14h4gpvs73agnodg,6 Unibertsitatea - Universidad,1,9
2026-08-01T02:55:38Z,st_d4sl14p4gpvs73agnoi0,11 San Martin (Udala) - Ayuntamiento San Martín,0,10
2026-08-01T02:55:38Z,st_d51sccd4faec738epl3g,12 Zabalganeko gizarte-etxea - CC Zabalgana,2,8
2026-08-01T02:55:38Z,st_d7p43v8g4a6c73a823dg,8 Tren geltokia - Estación de Tren,3,8
2026-08-01T03:00:59Z,st_d4sl1494gpvs73agno80,1 Autobus geltokia - Estación de autobuses,19,5
2026-08-01T03:00:59Z,st_d4sl14d0ol7c73bfvs4g,4 Antso Jakituna - Sancho el Sabio,8,16
2026-08-01T03:00:59Z,st_d4sl14emk29c73efcpf0,2 Leizaola plaza - Plaza de Leizaola,8,16
2026-08-01T03:00:59Z,st_d4sl14ffimdc73fprpdg,3 Ballester apezpikua - Obispo Ballester,5,19
2026-08-01T03:00:59Z,st_d4sl14gvnoqc739efe8g,5 Mendizorrotza - Mendizorroza,1,11
2026-08-01T03:00:59Z,st_d4sl14gvnoqc739efea0,7 Salburuko gizarte-etxea - C.C. Salburua,5,12
2026-08-01T03:00:59Z,st_d4sl14gvnoqc739efebg,9 Ibaiondoko gizarte-etxea - C.C. Ibaiondo,10,13
2026-08-01T03:00:59Z,st_d4sl14gvnoqc739efed0,10 AUO - HUA,2,10
2026-08-01T03:00:59Z,st_d4sl14h4gpvs73agnodg,6 Unibertsitatea - Universidad,1,9
2026-08-01T03:00:59Z,st_d4sl14p4gpvs73agnoi0,11 San Martin (Udala) - Ayuntamiento San Martín,0,10
2026-08-01T03:00:59Z,st_d51sccd4faec738epl3g,12 Zabalganeko gizarte-etxea - CC Zabalgana,2,8
2026-08-01T03:00:59Z,st_d7p43v8g4a6c73a823dg,8 Tren geltokia - Estación de Tren,3,8
2026-08-01T03:05:40Z,st_d4sl1494gpvs73agno80,1 Autobus geltokia - Estación de autobuses,19,5
2026-08-01T03:05:40Z,st_d4sl14d0ol7c73bfvs4g,4 Antso Jakituna - Sancho el Sabio,8,16
2026-08-01T03:05:40Z,st_d4sl14emk29c73efcpf0,2 Leizaola plaza - Plaza de Leizaola,13,11
2026-08-01T03:05:40Z,st_d4sl14ffimdc73fprpdg,3 Ballester apezpikua - Obispo Ballester,5,19
2026-08-01T03:05:40Z,st_d4sl14gvnoqc739efe8g,5 Mendizorrotza - Mendizorroza,1,11
2026-08-01T03:05:40Z,st_d4sl14gvnoqc739efea0,7 Salburuko gizarte-etxea - C.C. Salburua,5,12
2026-08-01T03:05:40Z,st_d4sl14gvnoqc739efebg,9 Ibaiondoko gizarte-etxea - C.C. Ibaiondo,10,13
2026-08-01T03:05:40Z,st_d4sl14gvnoqc739efed0,10 AUO - HUA,2,10
2026-08-01T03:05:40Z,st_d4sl14h4gpvs73agnodg,6 Unibertsitatea - Universidad,1,9
2026-08-01T03:05:40Z,st_d4sl14p4gpvs73agnoi0,11 San Martin (Udala) - Ayuntamiento San Martín,0,10
2026-08-01T03:05:40Z,st_d51sccd4faec738epl3g,12 Zabalganeko gizarte-etxea - CC Zabalgana,2,8
2026-08-01T03:05:40Z,st_d7p43v8g4a6c73a823dg,8 Tren geltokia - Estación de Tren,3,8
2026-08-01T03:10:46Z,st_d4sl1494gpvs73agno80,1 Autobus geltokia - Estación de autobuses,19,5
2026-08-01T03:10:46Z,st_d4sl14d0ol7c73bfvs4g,4 Antso Jakituna - Sancho el Sabio,8,16
2026-08-01T03:10:46Z,st_d4sl14emk29c73efcpf0,2 Leizaola plaza - Plaza de Leizaola,13,11
2026-08-01T03:10:46Z,st_d4sl14ffimdc73fprpdg,3 Ballester apezpikua - Obispo Ballester,4,20
2026-08-01T03:10:46Z,st_d4sl14gvnoqc739efe8g,5 Mendizorrotza - Mendizorroza,1,11
2026-08-01T03:10:46Z,st_d4sl14gvnoqc739efea0,7 Salburuko gizarte-etxea - C.C. Salburua,5,12
2026-08-01T03:10:46Z,st_d4sl14gvnoqc739efebg,9 Ibaiondoko gizarte-etxea - C.C. Ibaiondo,10,13
2026-08-01T03:10:46Z,st_d4sl14gvnoqc739efed0,10 AUO - HUA,2,10
2026-08-01T03:10:46Z,st_d4sl14h4gpvs73agnodg,6 Unibertsitatea - Universidad,1,9
2026-08-01T03:10:46Z,st_d4sl14p4gpvs73agnoi0,11 San Martin (Udala) - Ayuntamiento San Martín,0,10
2026-08-01T03:10:46Z,st_d51sccd4faec738epl3g,12 Zabalganeko gizarte-etxea - CC Zabalgana,2,8
2026-08-01T03:10:46Z,st_d7p43v8g4a6c73a823dg,8 Tren geltokia - Estación de Tren,3,8
2026-08-01T03:15:57Z,st_d4sl1494gpvs73agno80,1 Autobus geltokia - Estación de autobuses,19,5
2026-08-01T03:15:57Z,st_d4sl14d0ol7c73bfvs4g,4 Antso Jakituna - Sancho el Sabio,8,16
2026-08-01T03:15:57Z,st_d4sl14emk29c73efcpf0,2 Leizaola plaza - Plaza de Leizaola,13,11
2026-08-01T03:15:57Z,st_d4sl14ffimdc73fprpdg,3 Ballester apezpikua - Obispo Ballester,4,20
2026-08-01T03:15:57Z,st_d4sl14gvnoqc739efe8g,5 Mendizorrotza - Mendizorroza,1,11
2026-08-01T03:15:57Z,st_d4sl14gvnoqc739efea0,7 Salburuko gizarte-etxea - C.C. Salburua,5,12
2026-08-01T03:15:57Z,st_d4sl14gvnoqc739efebg,9 Ibaiondoko gizarte-etxea - C.C. Ibaiondo,10,13
2026-08-01T03:15:57Z,st_d4sl14gvnoqc739efed0,10 AUO - HUA,2,10
2026-08-01T03:15:57Z,st_d4sl14h4gpvs73agnodg,6 Unibertsitatea - Universidad,1,9
2026-08-01T03:15:57Z,st_d4sl14p4gpvs73agnoi0,11 San Martin (Udala) - Ayuntamiento San Martín,0,10
2026-08-01T03:15:57Z,st_d51sccd4faec738epl3g,12 Zabalganeko gizarte-etxea - CC Zabalgana,2,8
2026-08-01T03:15:57Z,st_d7p43v8g4a6c73a823dg,8 Tren geltokia - Estación de Tren,3,8
2026-08-01T03:20:46Z,st_d4sl1494gpvs73agno80,1 Autobus geltokia - Estación de autobuses,19,5
2026-08-01T03:20:46Z,st_d4sl14d0ol7c73bfvs4g,4 Antso Jakituna - Sancho el Sabio,8,16
2026-08-01T03:20:46Z,st_d4sl14emk29c73efcpf0,2 Leizaola plaza - Plaza de Leizaola,13,11
2026-08-01T03:20:46Z,st_d4sl14ffimdc73fprpdg,3 Ballester apezpikua - Obispo Ballester,5,19
2026-08-01T03:20:46Z,st_d4sl14gvnoqc739efe8g,5 Mendizorrotza - Mendizorroza,1,11
2026-08-01T03:20:46Z,st_d4sl14gvnoqc739efea0,7 Salburuko gizarte-etxea - C.C. Salburua,5,12
2026-08-01T03:20:46Z,st_d4sl14gvnoqc739efebg,9 Ibaiondoko gizarte-etxea - C.C. Ibaiondo,10,13
2026-08-01T03:20:46Z,st_d4sl14gvnoqc739efed0,10 AUO - HUA,2,10
2026-08-01T03:20:46Z,st_d4sl14h4gpvs73agnodg,6 Unibertsitatea - Universidad,1,9
2026-08-01T03:20:46Z,st_d4sl14p4gpvs73agnoi0,11 San Martin (Udala) - Ayuntamiento San Martín,0,10
2026-08-01T03:20:46Z,st_d51sccd4faec738epl3g,12 Zabalganeko gizarte-etxea - CC Zabalgana,2,8
2026-08-01T03:20:46Z,st_d7p43v8g4a6c73a823dg,8 Tren geltokia - Estación de Tren,3,8
2026-08-01T03:25:40Z,st_d4sl1494gpvs73agno80,1 Autobus geltokia - Estación de autobuses,18,6
2026-08-01T03:25:40Z,st_d4sl14d0ol7c73bfvs4g,4 Antso Jakituna - Sancho el Sabio,8,16
2026-08-01T03:25:40Z,st_d4sl14emk29c73efcpf0,2 Leizaola plaza - Plaza de Leizaola,13,11
2026-08-01T03:25:40Z,st_d4sl14ffimdc73fprpdg,3 Ballester apezpikua - Obispo Ballester,5,19
2026-08-01T03:25:40Z,st_d4sl14gvnoqc739efe8g,5 Mendizorrotza - Mendizorroza,1,11
2026-08-01T03:25:40Z,st_d4sl14gvnoqc739efea0,7 Salburuko gizarte-etxea - C.C. Salburua,5,12
2026-08-01T03:25:40Z,st_d4sl14gvnoqc739efebg,9 Ibaiondoko gizarte-etxea - C.C. Ibaiondo,10,13
2026-08-01T03:25:40Z,st_d4sl14gvnoqc739efed0,10 AUO - HUA,2,10
2026-08-01T03:25:40Z,st_d4sl14h4gpvs73agnodg,6 Unibertsitatea - Universidad,1,9
2026-08-01T03:25:40Z,st_d4sl14p4gpvs73agnoi0,11 San Martin (Udala) - Ayuntamiento San Martín,0,10
2026-08-01T03:25:40Z,st_d51sccd4faec738epl3g,12 Zabalganeko gizarte-etxea - CC Zabalgana,2,8
2026-08-01T03:25:40Z,st_d7p43v8g4a6c73a823dg,8 Tren geltokia - Estación de Tren,3,8
2026-08-01T03:30:52Z,st_d4sl1494gpvs73agno80,1 Autobus geltokia - Estación de autobuses,19,5
2026-08-01T03:30:52Z,st_d4sl14d0ol7c73bfvs4g,4 Antso Jakituna - Sancho el Sabio,8,16
2026-08-01T03:30:52Z,st_d4sl14emk29c73efcpf0,2 Leizaola plaza - Plaza de Leizaola,13,11
2026-08-01T03:30:52Z,st_d4sl14ffimdc73fprpdg,3 Ballester apezpikua - Obispo Ballester,5,19
2026-08-01T03:30:52Z,st_d4sl14gvnoqc739efe8g,5 Mendizorrotza - Mendizorroza,1,11
2026-08-01T03:30:52Z,st_d4sl14gvnoqc739efea0,7 Salburuko gizarte-etxea - C.C. Salburua,5,12
2026-08-01T03:30:52Z,st_d4sl14gvnoqc739efebg,9 Ibaiondoko gizarte-etxea - C.C. Ibaiondo,10,13
2026-08-01T03:30:52Z,st_d4sl14gvnoqc739efed0,10 AUO - HUA,2,10
2026-08-01T03:30:52Z,st_d4sl14h4gpvs73agnodg,6 Unibertsitatea - Universidad,1,9
2026-08-01T03:30:52Z,st_d4sl14p4gpvs73agnoi0,11 San Martin (Udala) - Ayuntamiento San Martín,0,10
2026-08-01T03:30:52Z,st_d51sccd4faec738epl3g,12 Zabalganeko gizarte-etxea - CC Zabalgana,2,8
2026-08-01T03:30:52Z,st_d7p43v8g4a6c73a823dg,8 Tren geltokia - Estación de Tren,3,8
2026-08-01T03:35:39Z,st_d4sl1494gpvs73agno80,1 Autobus geltokia - Estación de autobuses,20,4
2026-08-01T03:35:39Z,st_d4sl14d0ol7c73bfvs4g,4 Antso Jakituna - Sancho el Sabio,8,16
2026-08-01T03:35:39Z,st_d4sl14emk29c73efcpf0,2 Leizaola plaza - Plaza de Leizaola,13,11
2026-08-01T03:35:39Z,st_d4sl14ffimdc73fprpdg,3 Ballester apezpikua - Obispo Ballester,5,19
2026-08-01T03:35:39Z,st_d4sl14gvnoqc739efe8g,5 Mendizorrotza - Mendizorroza,1,11
2026-08-01T03:35:39Z,st_d4sl14gvnoqc739efea0,7 Salburuko gizarte-etxea - C.C. Salburua,5,12
2026-08-01T03:35:39Z,st_d4sl14gvnoqc739efebg,9 Ibaiondoko gizarte-etxea - C.C. Ibaiondo,10,13
2026-08-01T03:35:39Z,st_d4sl14gvnoqc739efed0,10 AUO - HUA,2,10
2026-08-01T03:35:39Z,st_d4sl14h4gpvs73agnodg,6 Unibertsitatea - Universidad,1,9
2026-08-01T03:35:39Z,st_d4sl14p4gpvs73agnoi0,11 San Martin (Udala) - Ayuntamiento San Martín,0,10
2026-08-01T03:35:39Z,st_d51sccd4faec738epl3g,12 Zabalganeko gizarte-etxea - CC Zabalgana,2,8
2026-08-01T03:35:39Z,st_d7p43v8g4a6c73a823dg,8 Tren geltokia - Estación de Tren,3,8
2026-08-01T03:40:46Z,st_d4sl1494gpvs73agno80,1 Autobus geltokia - Estación de autobuses,20,4
2026-08-01T03:40:46Z,st_d4sl14d0ol7c73bfvs4g,4 Antso Jakituna - Sancho el Sabio,8,16
2026-08-01T03:40:46Z,st_d4sl14emk29c73efcpf0,2 Leizaola plaza - Plaza de Leizaola,13,11
2026-08-01T03:40:46Z,st_d4sl14ffimdc73fprpdg,3 Ballester apezpikua - Obispo Ballester,5,19
2026-08-01T03:40:46Z,st_d4sl14gvnoqc739efe8g,5 Mendizorrotza - Mendizorroza,1,11
2026-08-01T03:40:46Z,st_d4sl14gvnoqc739efea0,7 Salburuko gizarte-etxea - C.C. Salburua,5,12
2026-08-01T03:40:46Z,st_d4sl14gvnoqc739efebg,9 Ibaiondoko gizarte-etxea - C.C. Ibaiondo,10,13
2026-08-01T03:40:46Z,st_d4sl14gvnoqc739efed0,10 AUO - HUA,2,10
2026-08-01T03:40:46Z,st_d4sl14h4gpvs73agnodg,6 Unibertsitatea - Universidad,1,9
2026-08-01T03:40:46Z,st_d4sl14p4gpvs73agnoi0,11 San Martin (Udala) - Ayuntamiento San Martín,0,10
2026-08-01T03:40:46Z,st_d51sccd4faec738epl3g,12 Zabalganeko gizarte-etxea - CC Zabalgana,2,8
2026-08-01T03:40:46Z,st_d7p43v8g4a6c73a823dg,8 Tren geltokia - Estación de Tren,3,8
2026-08-01T03:45:48Z,st_d4sl1494gpvs73agno80,1 Autobus geltokia - Estación de autobuses,20,4
2026-08-01T03:45:48Z,st_d4sl14d0ol7c73bfvs4g,4 Antso Jakituna - Sancho el Sabio,8,16
2026-08-01T03:45:48Z,st_d4sl14emk29c73efcpf0,2 Leizaola plaza - Plaza de Leizaola,13,11
2026-08-01T03:45:48Z,st_d4sl14ffimdc73fprpdg,3 Ballester apezpikua - Obispo Ballester,5,19
2026-08-01T03:45:48Z,st_d4sl14gvnoqc739efe8g,5 Mendizorrotza - Mendizorroza,1,11
2026-08-01T03:45:48Z,st_d4sl14gvnoqc739efea0,7 Salburuko gizarte-etxea - C.C. Salburua,5,12
2026-08-01T03:45:48Z,st_d4sl14gvnoqc739efebg,9 Ibaiondoko gizarte-etxea - C.C. Ibaiondo,10,13
2026-08-01T03:45:48Z,st_d4sl14gvnoqc739efed0,10 AUO - HUA,2,10
2026-08-01T03:45:48Z,st_d4sl14h4gpvs73agnodg,6 Unibertsitatea - Universidad,1,9
2026-08-01T03:45:48Z,st_d4sl14p4gpvs73agnoi0,11 San Martin (Udala) - Ayuntamiento San Martín,0,10
2026-08-01T03:45:48Z,st_d51sccd4faec738epl3g,12 Zabalganeko gizarte-etxea - CC Zabalgana,2,8
2026-08-01T03:45:48Z,st_d7p43v8g4a6c73a823dg,8 Tren geltokia - Estación de Tren,2,9
2026-08-01T03:50:45Z,st_d4sl1494gpvs73agno80,1 Autobus geltokia - Estación de autobuses,20,4
2026-08-01T03:50:45Z,st_d4sl14d0ol7c73bfvs4g,4 Antso Jakituna - Sancho el Sabio,8,16
2026-08-01T03:50:45Z,st_d4sl14emk29c73efcpf0,2 Leizaola plaza - Plaza de Leizaola,13,11
2026-08-01T03:50:45Z,st_d4sl14ffimdc73fprpdg,3 Ballester apezpikua - Obispo Ballester,5,19
2026-08-01T03:50:45Z,st_d4sl14gvnoqc739efe8g,5 Mendizorrotza - Mendizorroza,1,11
2026-08-01T03:50:45Z,st_d4sl14gvnoqc739efea0,7 Salburuko gizarte-etxea - C.C. Salburua,5,12
2026-08-01T03:50:45Z,st_d4sl14gvnoqc739efebg,9 Ibaiondoko gizarte-etxea - C.C. Ibaiondo,10,13
2026-08-01T03:50:45Z,st_d4sl14gvnoqc739efed0,10 AUO - HUA,2,10
2026-08-01T03:50:45Z,st_d4sl14h4gpvs73agnodg,6 Unibertsitatea - Universidad,1,9
2026-08-01T03:50:45Z,st_d4sl14p4gpvs73agnoi0,11 San Martin (Udala) - Ayuntamiento San Martín,0,10
2026-08-01T03:50:45Z,st_d51sccd4faec738epl3g,12 Zabalganeko gizarte-etxea - CC Zabalgana,2,8
2026-08-01T03:50:45Z,st_d7p43v8g4a6c73a823dg,8 Tren geltokia - Estación de Tren,2,9
2026-08-01T03:55:49Z,st_d4sl1494gpvs73agno80,1 Autobus geltokia - Estación de autobuses,20,4
2026-08-01T03:55:49Z,st_d4sl14d0ol7c73bfvs4g,4 Antso Jakituna - Sancho el Sabio,8,16
2026-08-01T03:55:49Z,st_d4sl14emk29c73efcpf0,2 Leizaola plaza - Plaza de Leizaola,13,11
2026-08-01T03:55:49Z,st_d4sl14ffimdc73fprpdg,3 Ballester apezpikua - Obispo Ballester,5,19
2026-08-01T03:55:49Z,st_d4sl14gvnoqc739efe8g,5 Mendizorrotza - Mendizorroza,1,11
2026-08-01T03:55:49Z,st_d4sl14gvnoqc739efea0,7 Salburuko gizarte-etxea - C.C. Salburua,5,12
2026-08-01T03:55:49Z,st_d4sl14gvnoqc739efebg,9 Ibaiondoko gizarte-etxea - C.C. Ibaiondo,10,13
2026-08-01T03:55:49Z,st_d4sl14gvnoqc739efed0,10 AUO - HUA,2,10
2026-08-01T03:55:49Z,st_d4sl14h4gpvs73agnodg,6 Unibertsitatea - Universidad,1,9
2026-08-01T03:55:49Z,st_d4sl14p4gpvs73agnoi0,11 San Martin (Udala) - Ayuntamiento San Martín,0,10
2026-08-01T03:55:49Z,st_d51sccd4faec738epl3g,12 Zabalganeko gizarte-etxea - CC Zabalgana,2,8
2026-08-01T03:55:49Z,st_d7p43v8g4a6c73a823dg,8 Tren geltokia - Estación de Tren,2,9
2026-08-01T04:00:55Z,st_d4sl1494gpvs73agno80,1 Autobus geltokia - Estación de autobuses,20,4
2026-08-01T04:00:55Z,st_d4sl14d0ol7c73bfvs4g,4 Antso Jakituna - Sancho el Sabio,8,16
2026-08-01T04:00:55Z,st_d4sl14emk29c73efcpf0,2 Leizaola plaza - Plaza de Leizaola,13,11
2026-08-01T04:00:55Z,st_d4sl14ffimdc73fprpdg,3 Ballester apezpikua - Obispo Ballester,5,19
2026-08-01T04:00:55Z,st_d4sl14gvnoqc739efe8g,5 Mendizorrotza - Mendizorroza,0,12
2026-08-01T04:00:55Z,st_d4sl14gvnoqc739efea0,7 Salburuko gizarte-etxea - C.C. Salburua,5,12
2026-08-01T04:00:55Z,st_d4sl14gvnoqc739efebg,9 Ibaiondoko gizarte-etxea - C.C. Ibaiondo,10,13
2026-08-01T04:00:55Z,st_d4sl14gvnoqc739efed0,10 AUO - HUA,2,10
2026-08-01T04:00:55Z,st_d4sl14h4gpvs73agnodg,6 Unibertsitatea - Universidad,1,9
2026-08-01T04:00:55Z,st_d4sl14p4gpvs73agnoi0,11 San Martin (Udala) - Ayuntamiento San Martín,0,10
2026-08-01T04:00:55Z,st_d51sccd4faec738epl3g,12 Zabalganeko gizarte-etxea - CC Zabalgana,2,8
2026-08-01T04:00:55Z,st_d7p43v8g4a6c73a823dg,8 Tren geltokia - Estación de Tren,2,9
2026-08-01T04:05:39Z,st_d4sl1494gpvs73agno80,1 Autobus geltokia - Estación de autobuses,20,4
2026-08-01T04:05:39Z,st_d4sl14d0ol7c73bfvs4g,4 Antso Jakituna - Sancho el Sabio,8,16
2026-08-01T04:05:39Z,st_d4sl14emk29c73efcpf0,2 Leizaola plaza - Plaza de Leizaola,14,10
2026-08-01T04:05:39Z,st_d4sl14ffimdc73fprpdg,3 Ballester apezpikua - Obispo Ballester,5,19
2026-08-01T04:05:39Z,st_d4sl14gvnoqc739efe8g,5 Mendizorrotza - Mendizorroza,0,12
2026-08-01T04:05:39Z,st_d4sl14gvnoqc739efea0,7 Salburuko gizarte-etxea - C.C. Salburua,5,12
2026-08-01T04:05:39Z,st_d4sl14gvnoqc739efebg,9 Ibaiondoko gizarte-etxea - C.C. Ibaiondo,10,13
2026-08-01T04:05:39Z,st_d4sl14gvnoqc739efed0,10 AUO - HUA,2,10
2026-08-01T04:05:39Z,st_d4sl14h4gpvs73agnodg,6 Unibertsitatea - Universidad,1,9
2026-08-01T04:05:39Z,st_d4sl14p4gpvs73agnoi0,11 San Martin (Udala) - Ayuntamiento San Martín,0,10
2026-08-01T04:05:39Z,st_d51sccd4faec738epl3g,12 Zabalganeko gizarte-etxea - CC Zabalgana,2,8
2026-08-01T04:05:39Z,st_d7p43v8g4a6c73a823dg,8 Tren geltokia - Estación de Tren,2,9
2026-08-01T04:10:46Z,st_d4sl1494gpvs73agno80,1 Autobus geltokia - Estación de autobuses,20,4
2026-08-01T04:10:46Z,st_d4sl14d0ol7c73bfvs4g,4 Antso Jakituna - Sancho el Sabio,8,16
2026-08-01T04:10:46Z,st_d4sl14emk29c73efcpf0,2 Leizaola plaza - Plaza de Leizaola,14,10
2026-08-01T04:10:46Z,st_d4sl14ffimdc73fprpdg,3 Ballester apezpikua - Obispo Ballester,5,19
2026-08-01T04:10:46Z,st_d4sl14gvnoqc739efe8g,5 Mendizorrotza - Mendizorroza,0,12
2026-08-01T04:10:46Z,st_d4sl14gvnoqc739efea0,7 Salburuko gizarte-etxea - C.C. Salburua,5,12
2026-08-01T04:10:46Z,st_d4sl14gvnoqc739efebg,9 Ibaiondoko gizarte-etxea - C.C. Ibaiondo,10,13
2026-08-01T04:10:46Z,st_d4sl14gvnoqc739efed0,10 AUO - HUA,2,10
2026-08-01T04:10:46Z,st_d4sl14h4gpvs73agnodg,6 Unibertsitatea - Universidad,1,9
2026-08-01T04:10:46Z,st_d4sl14p4gpvs73agnoi0,11 San Martin (Udala) - Ayuntamiento San Martín,0,10
2026-08-01T04:10:46Z,st_d51sccd4faec738epl3g,12 Zabalganeko gizarte-etxea - CC Zabalgana,2,8
2026-08-01T04:10:46Z,st_d7p43v8g4a6c73a823dg,8 Tren geltokia - Estación de Tren,2,9
2026-08-01T04:15:46Z,st_d4sl1494gpvs73agno80,1 Autobus geltokia - Estación de autobuses,21,3
2026-08-01T04:15:46Z,st_d4sl14d0ol7c73bfvs4g,4 Antso Jakituna - Sancho el Sabio,8,16
2026-08-01T04:15:46Z,st_d4sl14emk29c73efcpf0,2 Leizaola plaza - Plaza de Leizaola,14,10
2026-08-01T04:15:46Z,st_d4sl14ffimdc73fprpdg,3 Ballester apezpikua - Obispo Ballester,5,19
2026-08-01T04:15:46Z,st_d4sl14gvnoqc739efe8g,5 Mendizorrotza - Mendizorroza,0,12
2026-08-01T04:15:46Z,st_d4sl14gvnoqc739efea0,7 Salburuko gizarte-etxea - C.C. Salburua,5,12
2026-08-01T04:15:46Z,st_d4sl14gvnoqc739efebg,9 Ibaiondoko gizarte-etxea - C.C. Ibaiondo,10,13
2026-08-01T04:15:46Z,st_d4sl14gvnoqc739efed0,10 AUO - HUA,2,10
2026-08-01T04:15:46Z,st_d4sl14h4gpvs73agnodg,6 Unibertsitatea - Universidad,1,9
2026-08-01T04:15:46Z,st_d4sl14p4gpvs73agnoi0,11 San Martin (Udala) - Ayuntamiento San Martín,0,10
2026-08-01T04:15:46Z,st_d51sccd4faec738epl3g,12 Zabalganeko gizarte-etxea - CC Zabalgana,2,8
2026-08-01T04:15:46Z,st_d7p43v8g4a6c73a823dg,8 Tren geltokia - Estación de Tren,2,9
2026-08-01T04:20:40Z,st_d4sl1494gpvs73agno80,1 Autobus geltokia - Estación de autobuses,21,3
2026-08-01T04:20:40Z,st_d4sl14d0ol7c73bfvs4g,4 Antso Jakituna - Sancho el Sabio,8,16
2026-08-01T04:20:40Z,st_d4sl14emk29c73efcpf0,2 Leizaola plaza - Plaza de Leizaola,14,10
2026-08-01T04:20:40Z,st_d4sl14ffimdc73fprpdg,3 Ballester apezpikua - Obispo Ballester,6,18
2026-08-01T04:20:40Z,st_d4sl14gvnoqc739efe8g,5 Mendizorrotza - Mendizorroza,0,12
2026-08-01T04:20:40Z,st_d4sl14gvnoqc739efea0,7 Salburuko gizarte-etxea - C.C. Salburua,5,12
2026-08-01T04:20:40Z,st_d4sl14gvnoqc739efebg,9 Ibaiondoko gizarte-etxea - C.C. Ibaiondo,10,13
2026-08-01T04:20:40Z,st_d4sl14gvnoqc739efed0,10 AUO - HUA,2,10
2026-08-01T04:20:40Z,st_d4sl14h4gpvs73agnodg,6 Unibertsitatea - Universidad,1,9
2026-08-01T04:20:40Z,st_d4sl14p4gpvs73agnoi0,11 San Martin (Udala) - Ayuntamiento San Martín,0,10
2026-08-01T04:20:40Z,st_d51sccd4faec738epl3g,12 Zabalganeko gizarte-etxea - CC Zabalgana,2,8
2026-08-01T04:20:40Z,st_d7p43v8g4a6c73a823dg,8 Tren geltokia - Estación de Tren,2,9
2026-08-01T04:25:39Z,st_d4sl1494gpvs73agno80,1 Autobus geltokia - Estación de autobuses,21,3
2026-08-01T04:25:39Z,st_d4sl14d0ol7c73bfvs4g,4 Antso Jakituna - Sancho el Sabio,8,16
2026-08-01T04:25:39Z,st_d4sl14emk29c73efcpf0,2 Leizaola plaza - Plaza de Leizaola,14,10
2026-08-01T04:25:39Z,st_d4sl14ffimdc73fprpdg,3 Ballester apezpikua - Obispo Ballester,6,18
2026-08-01T04:25:39Z,st_d4sl14gvnoqc739efe8g,5 Mendizorrotza - Mendizorroza,0,12
2026-08-01T04:25:39Z,st_d4sl14gvnoqc739efea0,7 Salburuko gizarte-etxea - C.C. Salburua,5,12
2026-08-01T04:25:39Z,st_d4sl14gvnoqc739efebg,9 Ibaiondoko gizarte-etxea - C.C. Ibaiondo,10,13
2026-08-01T04:25:39Z,st_d4sl14gvnoqc739efed0,10 AUO - HUA,2,10
2026-08-01T04:25:39Z,st_d4sl14h4gpvs73agnodg,6 Unibertsitatea - Universidad,1,9
2026-08-01T04:25:39Z,st_d4sl14p4gpvs73agnoi0,11 San Martin (Udala) - Ayuntamiento San Martín,0,10
2026-08-01T04:25:39Z,st_d51sccd4faec738epl3g,12 Zabalganeko gizarte-etxea - CC Zabalgana,2,8
2026-08-01T04:25:39Z,st_d7p43v8g4a6c73a823dg,8 Tren geltokia - Estación de Tren,2,9
2026-08-01T04:30:54Z,st_d4sl1494gpvs73agno80,1 Autobus geltokia - Estación de autobuses,21,3
2026-08-01T04:30:54Z,st_d4sl14d0ol7c73bfvs4g,4 Antso Jakituna - Sancho el Sabio,9,15
2026-08-01T04:30:54Z,st_d4sl14emk29c73efcpf0,2 Leizaola plaza - Plaza de Leizaola,14,10
2026-08-01T04:30:54Z,st_d4sl14ffimdc73fprpdg,3 Ballester apezpikua - Obispo Ballester,6,18
2026-08-01T04:30:54Z,st_d4sl14gvnoqc739efe8g,5 Mendizorrotza - Mendizorroza,0,12
2026-08-01T04:30:54Z,st_d4sl14gvnoqc739efea0,7 Salburuko gizarte-etxea - C.C. Salburua,4,13
2026-08-01T04:30:54Z,st_d4sl14gvnoqc739efebg,9 Ibaiondoko gizarte-etxea - C.C. Ibaiondo,10,13
2026-08-01T04:30:54Z,st_d4sl14gvnoqc739efed0,10 AUO - HUA,2,10
2026-08-01T04:30:54Z,st_d4sl14h4gpvs73agnodg,6 Unibertsitatea - Universidad,1,9
2026-08-01T04:30:54Z,st_d4sl14p4gpvs73agnoi0,11 San Martin (Udala) - Ayuntamiento San Martín,0,10
2026-08-01T04:30:54Z,st_d51sccd4faec738epl3g,12 Zabalganeko gizarte-etxea - CC Zabalgana,2,8
2026-08-01T04:30:54Z,st_d7p43v8g4a6c73a823dg,8 Tren geltokia - Estación de Tren,2,9
2026-08-01T04:35:37Z,st_d4sl1494gpvs73agno80,1 Autobus geltokia - Estación de autobuses,20,4
2026-08-01T04:35:37Z,st_d4sl14d0ol7c73bfvs4g,4 Antso Jakituna - Sancho el Sabio,9,15
2026-08-01T04:35:37Z,st_d4sl14emk29c73efcpf0,2 Leizaola plaza - Plaza de Leizaola,14,10
2026-08-01T04:35:37Z,st_d4sl14ffimdc73fprpdg,3 Ballester apezpikua - Obispo Ballester,6,18
2026-08-01T04:35:37Z,st_d4sl14gvnoqc739efe8g,5 Mendizorrotza - Mendizorroza,0,12
2026-08-01T04:35:37Z,st_d4sl14gvnoqc739efea0,7 Salburuko gizarte-etxea - C.C. Salburua,4,13
2026-08-01T04:35:37Z,st_d4sl14gvnoqc739efebg,9 Ibaiondoko gizarte-etxea - C.C. Ibaiondo,10,13
2026-08-01T04:35:37Z,st_d4sl14gvnoqc739efed0,10 AUO - HUA,2,10
2026-08-01T04:35:37Z,st_d4sl14h4gpvs73agnodg,6 Unibertsitatea - Universidad,1,9
2026-08-01T04:35:37Z,st_d4sl14p4gpvs73agnoi0,11 San Martin (Udala) - Ayuntamiento San Martín,0,10
2026-08-01T04:35:37Z,st_d51sccd4faec738epl3g,12 Zabalganeko gizarte-etxea - CC Zabalgana,2,8
2026-08-01T04:35:37Z,st_d7p43v8g4a6c73a823dg,8 Tren geltokia - Estación de Tren,2,9
2026-08-01T04:40:43Z,st_d4sl1494gpvs73agno80,1 Autobus geltokia - Estación de autobuses,20,4
2026-08-01T04:40:43Z,st_d4sl14d0ol7c73bfvs4g,4 Antso Jakituna - Sancho el Sabio,9,15
2026-08-01T04:40:43Z,st_d4sl14emk29c73efcpf0,2 Leizaola plaza - Plaza de Leizaola,14,10
2026-08-01T04:40:43Z,st_d4sl14ffimdc73fprpdg,3 Ballester apezpikua - Obispo Ballester,7,17
2026-08-01T04:40:43Z,st_d4sl14gvnoqc739efe8g,5 Mendizorrotza - Mendizorroza,0,12
2026-08-01T04:40:43Z,st_d4sl14gvnoqc739efea0,7 Salburuko gizarte-etxea - C.C. Salburua,4,13
2026-08-01T04:40:43Z,st_d4sl14gvnoqc739efebg,9 Ibaiondoko gizarte-etxea - C.C. Ibaiondo,10,13
2026-08-01T04:40:43Z,st_d4sl14gvnoqc739efed0,10 AUO - HUA,2,10
2026-08-01T04:40:43Z,st_d4sl14h4gpvs73agnodg,6 Unibertsitatea - Universidad,1,9
2026-08-01T04:40:43Z,st_d4sl14p4gpvs73agnoi0,11 San Martin (Udala) - Ayuntamiento San Martín,0,10
2026-08-01T04:40:43Z,st_d51sccd4faec738epl3g,12 Zabalganeko gizarte-etxea - CC Zabalgana,2,8
2026-08-01T04:40:43Z,st_d7p43v8g4a6c73a823dg,8 Tren geltokia - Estación de Tren,2,9
2026-08-01T04:45:44Z,st_d4sl1494gpvs73agno80,1 Autobus geltokia - Estación de autobuses,20,4
2026-08-01T04:45:44Z,st_d4sl14d0ol7c73bfvs4g,4 Antso Jakituna - Sancho el Sabio,9,15
2026-08-01T04:45:44Z,st_d4sl14emk29c73efcpf0,2 Leizaola plaza - Plaza de Leizaola,14,10
2026-08-01T04:45:44Z,st_d4sl14ffimdc73fprpdg,3 Ballester apezpikua - Obispo Ballester,6,18
2026-08-01T04:45:44Z,st_d4sl14gvnoqc739efe8g,5 Mendizorrotza - Mendizorroza,0,12
2026-08-01T04:45:44Z,st_d4sl14gvnoqc739efea0,7 Salburuko gizarte-etxea - C.C. Salburua,4,13
2026-08-01T04:45:44Z,st_d4sl14gvnoqc739efebg,9 Ibaiondoko gizarte-etxea - C.C. Ibaiondo,10,13
2026-08-01T04:45:44Z,st_d4sl14gvnoqc739efed0,10 AUO - HUA,2,10
2026-08-01T04:45:44Z,st_d4sl14h4gpvs73agnodg,6 Unibertsitatea - Universidad,0,10
2026-08-01T04:45:44Z,st_d4sl14p4gpvs73agnoi0,11 San Martin (Udala) - Ayuntamiento San Martín,0,10
2026-08-01T04:45:44Z,st_d51sccd4faec738epl3g,12 Zabalganeko gizarte-etxea - CC Zabalgana,2,8
2026-08-01T04:45:44Z,st_d7p43v8g4a6c73a823dg,8 Tren geltokia - Estación de Tren,2,9
2026-08-01T04:50:47Z,st_d4sl1494gpvs73agno80,1 Autobus geltokia - Estación de autobuses,20,4
2026-08-01T04:50:47Z,st_d4sl14d0ol7c73bfvs4g,4 Antso Jakituna - Sancho el Sabio,9,15
2026-08-01T04:50:47Z,st_d4sl14emk29c73efcpf0,2 Leizaola plaza - Plaza de Leizaola,14,10
2026-08-01T04:50:47Z,st_d4sl14ffimdc73fprpdg,3 Ballester apezpikua - Obispo Ballester,6,18
2026-08-01T04:50:47Z,st_d4sl14gvnoqc739efe8g,5 Mendizorrotza - Mendizorroza,0,12
2026-08-01T04:50:47Z,st_d4sl14gvnoqc739efea0,7 Salburuko gizarte-etxea - C.C. Salburua,4,13
2026-08-01T04:50:47Z,st_d4sl14gvnoqc739efebg,9 Ibaiondoko gizarte-etxea - C.C. Ibaiondo,10,13
2026-08-01T04:50:47Z,st_d4sl14gvnoqc739efed0,10 AUO - HUA,2,10
2026-08-01T04:50:47Z,st_d4sl14h4gpvs73agnodg,6 Unibertsitatea - Universidad,0,10
2026-08-01T04:50:47Z,st_d4sl14p4gpvs73agnoi0,11 San Martin (Udala) - Ayuntamiento San Martín,0,10
2026-08-01T04:50:47Z,st_d51sccd4faec738epl3g,12 Zabalganeko gizarte-etxea - CC Zabalgana,2,8
2026-08-01T04:50:47Z,st_d7p43v8g4a6c73a823dg,8 Tren geltokia - Estación de Tren,2,9
2026-08-01T04:55:44Z,st_d4sl1494gpvs73agno80,1 Autobus geltokia - Estación de autobuses,20,4
2026-08-01T04:55:44Z,st_d4sl14d0ol7c73bfvs4g,4 Antso Jakituna - Sancho el Sabio,9,15
2026-08-01T04:55:44Z,st_d4sl14emk29c73efcpf0,2 Leizaola plaza - Plaza de Leizaola,14,10
2026-08-01T04:55:44Z,st_d4sl14ffimdc73fprpdg,3 Ballester apezpikua - Obispo Ballester,6,18
2026-08-01T04:55:44Z,st_d4sl14gvnoqc739efe8g,5 Mendizorrotza - Mendizorroza,0,12
2026-08-01T04:55:44Z,st_d4sl14gvnoqc739efea0,7 Salburuko gizarte-etxea - C.C. Salburua,4,13
2026-08-01T04:55:44Z,st_d4sl14gvnoqc739efebg,9 Ibaiondoko gizarte-etxea - C.C. Ibaiondo,10,13
2026-08-01T04:55:44Z,st_d4sl14gvnoqc739efed0,10 AUO - HUA,2,10
2026-08-01T04:55:44Z,st_d4sl14h4gpvs73agnodg,6 Unibertsitatea - Universidad,0,10
2026-08-01T04:55:44Z,st_d4sl14p4gpvs73agnoi0,11 San Martin (Udala) - Ayuntamiento San Martín,0,10
2026-08-01T04:55:44Z,st_d51sccd4faec738epl3g,12 Zabalganeko gizarte-etxea - CC Zabalgana,2,8
2026-08-01T04:55:44Z,st_d7p43v8g4a6c73a823dg,8 Tren geltokia - Estación de Tren,2,9
2026-08-01T05:00:58Z,st_d4sl1494gpvs73agno80,1 Autobus geltokia - Estación de autobuses,20,4
2026-08-01T05:00:58Z,st_d4sl14d0ol7c73bfvs4g,4 Antso Jakituna - Sancho el Sabio,9,15
2026-08-01T05:00:58Z,st_d4sl14emk29c73efcpf0,2 Leizaola plaza - Plaza de Leizaola,13,11
2026-08-01T05:00:58Z,st_d4sl14ffimdc73fprpdg,3 Ballester apezpikua - Obispo Ballester,6,18
2026-08-01T05:00:58Z,st_d4sl14gvnoqc739efe8g,5 Mendizorrotza - Mendizorroza,0,12
2026-08-01T05:00:58Z,st_d4sl14gvnoqc739efea0,7 Salburuko gizarte-etxea - C.C. Salburua,5,12
2026-08-01T05:00:58Z,st_d4sl14gvnoqc739efebg,9 Ibaiondoko gizarte-etxea - C.C. Ibaiondo,10,13
2026-08-01T05:00:58Z,st_d4sl14gvnoqc739efed0,10 AUO - HUA,2,10
2026-08-01T05:00:58Z,st_d4sl14h4gpvs73agnodg,6 Unibertsitatea - Universidad,0,10
2026-08-01T05:00:58Z,st_d4sl14p4gpvs73agnoi0,11 San Martin (Udala) - Ayuntamiento San Martín,0,10
2026-08-01T05:00:58Z,st_d51sccd4faec738epl3g,12 Zabalganeko gizarte-etxea - CC Zabalgana,2,8
2026-08-01T05:00:58Z,st_d7p43v8g4a6c73a823dg,8 Tren geltokia - Estación de Tren,2,9
2026-08-01T05:05:46Z,st_d4sl1494gpvs73agno80,1 Autobus geltokia - Estación de autobuses,21,3
2026-08-01T05:05:46Z,st_d4sl14d0ol7c73bfvs4g,4 Antso Jakituna - Sancho el Sabio,9,15
2026-08-01T05:05:46Z,st_d4sl14emk29c73efcpf0,2 Leizaola plaza - Plaza de Leizaola,13,11
2026-08-01T05:05:46Z,st_d4sl14ffimdc73fprpdg,3 Ballester apezpikua - Obispo Ballester,6,18
2026-08-01T05:05:46Z,st_d4sl14gvnoqc739efe8g,5 Mendizorrotza - Mendizorroza,0,12
2026-08-01T05:05:46Z,st_d4sl14gvnoqc739efea0,7 Salburuko gizarte-etxea - C.C. Salburua,5,12
2026-08-01T05:05:46Z,st_d4sl14gvnoqc739efebg,9 Ibaiondoko gizarte-etxea - C.C. Ibaiondo,10,13
2026-08-01T05:05:46Z,st_d4sl14gvnoqc739efed0,10 AUO - HUA,2,10
2026-08-01T05:05:46Z,st_d4sl14h4gpvs73agnodg,6 Unibertsitatea - Universidad,0,10
2026-08-01T05:05:46Z,st_d4sl14p4gpvs73agnoi0,11 San Martin (Udala) - Ayuntamiento San Martín,0,10
2026-08-01T05:05:46Z,st_d51sccd4faec738epl3g,12 Zabalganeko gizarte-etxea - CC Zabalgana,2,8
2026-08-01T05:05:46Z,st_d7p43v8g4a6c73a823dg,8 Tren geltokia - Estación de Tren,2,9
2026-08-01T05:10:47Z,st_d4sl1494gpvs73agno80,1 Autobus geltokia - Estación de autobuses,21,3
2026-08-01T05:10:47Z,st_d4sl14d0ol7c73bfvs4g,4 Antso Jakituna - Sancho el Sabio,9,15
2026-08-01T05:10:47Z,st_d4sl14emk29c73efcpf0,2 Leizaola plaza - Plaza de Leizaola,13,11
2026-08-01T05:10:47Z,st_d4sl14ffimdc73fprpdg,3 Ballester apezpikua - Obispo Ballester,6,18
2026-08-01T05:10:47Z,st_d4sl14gvnoqc739efe8g,5 Mendizorrotza - Mendizorroza,0,12
2026-08-01T05:10:47Z,st_d4sl14gvnoqc739efea0,7 Salburuko gizarte-etxea - C.C. Salburua,5,12
2026-08-01T05:10:47Z,st_d4sl14gvnoqc739efebg,9 Ibaiondoko gizarte-etxea - C.C. Ibaiondo,10,13
2026-08-01T05:10:47Z,st_d4sl14gvnoqc739efed0,10 AUO - HUA,2,10
2026-08-01T05:10:47Z,st_d4sl14h4gpvs73agnodg,6 Unibertsitatea - Universidad,0,10
2026-08-01T05:10:47Z,st_d4sl14p4gpvs73agnoi0,11 San Martin (Udala) - Ayuntamiento San Martín,0,10
2026-08-01T05:10:47Z,st_d51sccd4faec738epl3g,12 Zabalganeko gizarte-etxea - CC Zabalgana,2,8
2026-08-01T05:10:47Z,st_d7p43v8g4a6c73a823dg,8 Tren geltokia - Estación de Tren,2,9
2026-08-01T05:15:51Z,st_d4sl1494gpvs73agno80,1 Autobus geltokia - Estación de autobuses,21,3
2026-08-01T05:15:51Z,st_d4sl14d0ol7c73bfvs4g,4 Antso Jakituna - Sancho el Sabio,9,15
2026-08-01T05:15:51Z,st_d4sl14emk29c73efcpf0,2 Leizaola plaza - Plaza de Leizaola,13,11
2026-08-01T05:15:51Z,st_d4sl14ffimdc73fprpdg,3 Ballester apezpikua - Obispo Ballester,7,17
2026-08-01T05:15:51Z,st_d4sl14gvnoqc739efe8g,5 Mendizorrotza - Mendizorroza,0,12
2026-08-01T05:15:51Z,st_d4sl14gvnoqc739efea0,7 Salburuko gizarte-etxea - C.C. Salburua,5,12
2026-08-01T05:15:51Z,st_d4sl14gvnoqc739efebg,9 Ibaiondoko gizarte-etxea - C.C. Ibaiondo,10,13
2026-08-01T05:15:51Z,st_d4sl14gvnoqc739efed0,10 AUO - HUA,2,10
2026-08-01T05:15:51Z,st_d4sl14h4gpvs73agnodg,6 Unibertsitatea - Universidad,1,9
2026-08-01T05:15:51Z,st_d4sl14p4gpvs73agnoi0,11 San Martin (Udala) - Ayuntamiento San Martín,0,10
2026-08-01T05:15:51Z,st_d51sccd4faec738epl3g,12 Zabalganeko gizarte-etxea - CC Zabalgana,2,8
2026-08-01T05:15:51Z,st_d7p43v8g4a6c73a823dg,8 Tren geltokia - Estación de Tren,2,9
2026-08-01T05:20:45Z,st_d4sl1494gpvs73agno80,1 Autobus geltokia - Estación de autobuses,21,3
2026-08-01T05:20:45Z,st_d4sl14d0ol7c73bfvs4g,4 Antso Jakituna - Sancho el Sabio,9,15
2026-08-01T05:20:45Z,st_d4sl14emk29c73efcpf0,2 Leizaola plaza - Plaza de Leizaola,13,11
2026-08-01T05:20:45Z,st_d4sl14ffimdc73fprpdg,3 Ballester apezpikua - Obispo Ballester,7,17
2026-08-01T05:20:45Z,st_d4sl14gvnoqc739efe8g,5 Mendizorrotza - Mendizorroza,0,12
2026-08-01T05:20:45Z,st_d4sl14gvnoqc739efea0,7 Salburuko gizarte-etxea - C.C. Salburua,5,12
2026-08-01T05:20:45Z,st_d4sl14gvnoqc739efebg,9 Ibaiondoko gizarte-etxea - C.C. Ibaiondo,10,13
2026-08-01T05:20:45Z,st_d4sl14gvnoqc739efed0,10 AUO - HUA,2,10
2026-08-01T05:20:45Z,st_d4sl14h4gpvs73agnodg,6 Unibertsitatea - Universidad,1,9
2026-08-01T05:20:45Z,st_d4sl14p4gpvs73agnoi0,11 San Martin (Udala) - Ayuntamiento San Martín,0,10
2026-08-01T05:20:45Z,st_d51sccd4faec738epl3g,12 Zabalganeko gizarte-etxea - CC Zabalgana,2,8
2026-08-01T05:20:45Z,st_d7p43v8g4a6c73a823dg,8 Tren geltokia - Estación de Tren,2,9
2026-08-01T05:25:47Z,st_d4sl1494gpvs73agno80,1 Autobus geltokia - Estación de autobuses,20,4
2026-08-01T05:25:47Z,st_d4sl14d0ol7c73bfvs4g,4 Antso Jakituna - Sancho el Sabio,8,16
2026-08-01T05:25:47Z,st_d4sl14emk29c73efcpf0,2 Leizaola plaza - Plaza de Leizaola,13,11
2026-08-01T05:25:47Z,st_d4sl14ffimdc73fprpdg,3 Ballester apezpikua - Obispo Ballester,7,17
2026-08-01T05:25:47Z,st_d4sl14gvnoqc739efe8g,5 Mendizorrotza - Mendizorroza,0,12
2026-08-01T05:25:47Z,st_d4sl14gvnoqc739efea0,7 Salburuko gizarte-etxea - C.C. Salburua,5,12
2026-08-01T05:25:47Z,st_d4sl14gvnoqc739efebg,9 Ibaiondoko gizarte-etxea - C.C. Ibaiondo,10,13
2026-08-01T05:25:47Z,st_d4sl14gvnoqc739efed0,10 AUO - HUA,2,10
2026-08-01T05:25:47Z,st_d4sl14h4gpvs73agnodg,6 Unibertsitatea - Universidad,1,9
2026-08-01T05:25:47Z,st_d4sl14p4gpvs73agnoi0,11 San Martin (Udala) - Ayuntamiento San Martín,0,10
2026-08-01T05:25:47Z,st_d51sccd4faec738epl3g,12 Zabalganeko gizarte-etxea - CC Zabalgana,2,8
2026-08-01T05:25:47Z,st_d7p43v8g4a6c73a823dg,8 Tren geltokia - Estación de Tren,2,9
2026-08-01T05:31:01Z,st_d4sl1494gpvs73agno80,1 Autobus geltokia - Estación de autobuses,20,4
2026-08-01T05:31:01Z,st_d4sl14d0ol7c73bfvs4g,4 Antso Jakituna - Sancho el Sabio,8,16
2026-08-01T05:31:01Z,st_d4sl14emk29c73efcpf0,2 Leizaola plaza - Plaza de Leizaola,13,11
2026-08-01T05:31:01Z,st_d4sl14ffimdc73fprpdg,3 Ballester apezpikua - Obispo Ballester,7,17
2026-08-01T05:31:01Z,st_d4sl14gvnoqc739efe8g,5 Mendizorrotza - Mendizorroza,0,12
2026-08-01T05:31:01Z,st_d4sl14gvnoqc739efea0,7 Salburuko gizarte-etxea - C.C. Salburua,5,12
2026-08-01T05:31:01Z,st_d4sl14gvnoqc739efebg,9 Ibaiondoko gizarte-etxea - C.C. Ibaiondo,10,13
2026-08-01T05:31:01Z,st_d4sl14gvnoqc739efed0,10 AUO - HUA,2,10
2026-08-01T05:31:01Z,st_d4sl14h4gpvs73agnodg,6 Unibertsitatea - Universidad,1,9
2026-08-01T05:31:01Z,st_d4sl14p4gpvs73agnoi0,11 San Martin (Udala) - Ayuntamiento San Martín,0,10
2026-08-01T05:31:01Z,st_d51sccd4faec738epl3g,12 Zabalganeko gizarte-etxea - CC Zabalgana,2,8
2026-08-01T05:31:01Z,st_d7p43v8g4a6c73a823dg,8 Tren geltokia - Estación de Tren,2,9
2026-08-01T05:35:42Z,st_d4sl1494gpvs73agno80,1 Autobus geltokia - Estación de autobuses,19,5
2026-08-01T05:35:42Z,st_d4sl14d0ol7c73bfvs4g,4 Antso Jakituna - Sancho el Sabio,8,16
2026-08-01T05:35:42Z,st_d4sl14emk29c73efcpf0,2 Leizaola plaza - Plaza de Leizaola,14,10
2026-08-01T05:35:42Z,st_d4sl14ffimdc73fprpdg,3 Ballester apezpikua - Obispo Ballester,7,17
2026-08-01T05:35:42Z,st_d4sl14gvnoqc739efe8g,5 Mendizorrotza - Mendizorroza,0,12
2026-08-01T05:35:42Z,st_d4sl14gvnoqc739efea0,7 Salburuko gizarte-etxea - C.C. Salburua,5,12
2026-08-01T05:35:42Z,st_d4sl14gvnoqc739efebg,9 Ibaiondoko gizarte-etxea - C.C. Ibaiondo,10,13
2026-08-01T05:35:42Z,st_d4sl14gvnoqc739efed0,10 AUO - HUA,3,9
2026-08-01T05:35:42Z,st_d4sl14h4gpvs73agnodg,6 Unibertsitatea - Universidad,1,9
2026-08-01T05:35:42Z,st_d4sl14p4gpvs73agnoi0,11 San Martin (Udala) - Ayuntamiento San Martín,0,10
2026-08-01T05:35:42Z,st_d51sccd4faec738epl3g,12 Zabalganeko gizarte-etxea - CC Zabalgana,2,8
2026-08-01T05:35:42Z,st_d7p43v8g4a6c73a823dg,8 Tren geltokia - Estación de Tren,2,9
2026-08-01T05:40:46Z,st_d4sl1494gpvs73agno80,1 Autobus geltokia - Estación de autobuses,19,5
2026-08-01T05:40:46Z,st_d4sl14d0ol7c73bfvs4g,4 Antso Jakituna - Sancho el Sabio,8,16
2026-08-01T05:40:46Z,st_d4sl14emk29c73efcpf0,2 Leizaola plaza - Plaza de Leizaola,14,10
2026-08-01T05:40:46Z,st_d4sl14ffimdc73fprpdg,3 Ballester apezpikua - Obispo Ballester,7,17
2026-08-01T05:40:46Z,st_d4sl14gvnoqc739efe8g,5 Mendizorrotza - Mendizorroza,0,12
2026-08-01T05:40:46Z,st_d4sl14gvnoqc739efea0,7 Salburuko gizarte-etxea - C.C. Salburua,5,12
2026-08-01T05:40:46Z,st_d4sl14gvnoqc739efebg,9 Ibaiondoko gizarte-etxea - C.C. Ibaiondo,10,13
2026-08-01T05:40:46Z,st_d4sl14gvnoqc739efed0,10 AUO - HUA,3,9
2026-08-01T05:40:46Z,st_d4sl14h4gpvs73agnodg,6 Unibertsitatea - Universidad,1,9
2026-08-01T05:40:46Z,st_d4sl14p4gpvs73agnoi0,11 San Martin (Udala) - Ayuntamiento San Martín,0,10
2026-08-01T05:40:46Z,st_d51sccd4faec738epl3g,12 Zabalganeko gizarte-etxea - CC Zabalgana,2,8
2026-08-01T05:40:46Z,st_d7p43v8g4a6c73a823dg,8 Tren geltokia - Estación de Tren,2,9
2026-08-01T05:45:46Z,st_d4sl1494gpvs73agno80,1 Autobus geltokia - Estación de autobuses,19,5
2026-08-01T05:45:46Z,st_d4sl14d0ol7c73bfvs4g,4 Antso Jakituna - Sancho el Sabio,8,16
2026-08-01T05:45:46Z,st_d4sl14emk29c73efcpf0,2 Leizaola plaza - Plaza de Leizaola,14,10
2026-08-01T05:45:46Z,st_d4sl14ffimdc73fprpdg,3 Ballester apezpikua - Obispo Ballester,7,17
2026-08-01T05:45:46Z,st_d4sl14gvnoqc739efe8g,5 Mendizorrotza - Mendizorroza,0,12
2026-08-01T05:45:46Z,st_d4sl14gvnoqc739efea0,7 Salburuko gizarte-etxea - C.C. Salburua,5,12
2026-08-01T05:45:46Z,st_d4sl14gvnoqc739efebg,9 Ibaiondoko gizarte-etxea - C.C. Ibaiondo,10,13
2026-08-01T05:45:46Z,st_d4sl14gvnoqc739efed0,10 AUO - HUA,3,9
2026-08-01T05:45:46Z,st_d4sl14h4gpvs73agnodg,6 Unibertsitatea - Universidad,1,9
2026-08-01T05:45:46Z,st_d4sl14p4gpvs73agnoi0,11 San Martin (Udala) - Ayuntamiento San Martín,0,10
2026-08-01T05:45:46Z,st_d51sccd4faec738epl3g,12 Zabalganeko gizarte-etxea - CC Zabalgana,2,8
2026-08-01T05:45:46Z,st_d7p43v8g4a6c73a823dg,8 Tren geltokia - Estación de Tren,2,9
2026-08-01T05:50:50Z,st_d4sl1494gpvs73agno80,1 Autobus geltokia - Estación de autobuses,19,5
2026-08-01T05:50:50Z,st_d4sl14d0ol7c73bfvs4g,4 Antso Jakituna - Sancho el Sabio,8,16
2026-08-01T05:50:50Z,st_d4sl14emk29c73efcpf0,2 Leizaola plaza - Plaza de Leizaola,14,10
2026-08-01T05:50:50Z,st_d4sl14ffimdc73fprpdg,3 Ballester apezpikua - Obispo Ballester,7,17
2026-08-01T05:50:50Z,st_d4sl14gvnoqc739efe8g,5 Mendizorrotza - Mendizorroza,0,12
2026-08-01T05:50:50Z,st_d4sl14gvnoqc739efea0,7 Salburuko gizarte-etxea - C.C. Salburua,5,12
2026-08-01T05:50:50Z,st_d4sl14gvnoqc739efebg,9 Ibaiondoko gizarte-etxea - C.C. Ibaiondo,10,13
2026-08-01T05:50:50Z,st_d4sl14gvnoqc739efed0,10 AUO - HUA,3,9
2026-08-01T05:50:50Z,st_d4sl14h4gpvs73agnodg,6 Unibertsitatea - Universidad,1,9
2026-08-01T05:50:50Z,st_d4sl14p4gpvs73agnoi0,11 San Martin (Udala) - Ayuntamiento San Martín,0,10
2026-08-01T05:50:50Z,st_d51sccd4faec738epl3g,12 Zabalganeko gizarte-etxea - CC Zabalgana,2,8
2026-08-01T05:50:50Z,st_d7p43v8g4a6c73a823dg,8 Tren geltokia - Estación de Tren,2,9
2026-08-01T05:55:47Z,st_d4sl1494gpvs73agno80,1 Autobus geltokia - Estación de autobuses,19,5
2026-08-01T05:55:47Z,st_d4sl14emk29c73efcpf0,2 Leizaola plaza - Plaza de Leizaola,14,10
2026-08-01T05:55:47Z,st_d4sl14ffimdc73fprpdg,3 Ballester apezpikua - Obispo Ballester,7,17
2026-08-01T05:55:47Z,st_d4sl14d0ol7c73bfvs4g,4 Antso Jakituna - Sancho el Sabio,8,16
2026-08-01T05:55:47Z,st_d4sl14gvnoqc739efe8g,5 Mendizorrotza - Mendizorroza,0,12
2026-08-01T05:55:47Z,st_d4sl14h4gpvs73agnodg,6 Unibertsitatea - Universidad,1,9
2026-08-01T05:55:47Z,st_d4sl14gvnoqc739efea0,7 Salburuko gizarte-etxea - C.C. Salburua,5,12
2026-08-01T05:55:47Z,st_d4sl14gvnoqc739efebg,9 Ibaiondoko gizarte-etxea - C.C. Ibaiondo,10,13
2026-08-01T05:55:47Z,st_d4sl14gvnoqc739efed0,10 AUO - HUA,3,9
2026-08-01T05:55:47Z,st_d4sl14p4gpvs73agnoi0,11 San Martin (Udala) - Ayuntamiento San Martín,0,10
2026-08-01T05:55:47Z,st_d51sccd4faec738epl3g,12 Zabalganeko gizarte-etxea - CC Zabalgana,2,8
2026-08-01T05:55:47Z,st_d7p43v8g4a6c73a823dg,8 Tren geltokia - Estación de Tren,2,9
2026-08-01T06:01:01Z,st_d4sl1494gpvs73agno80,1 Autobus geltokia - Estación de autobuses,19,5
2026-08-01T06:01:01Z,st_d4sl14emk29c73efcpf0,2 Leizaola plaza - Plaza de Leizaola,14,10
2026-08-01T06:01:01Z,st_d4sl14ffimdc73fprpdg,3 Ballester apezpikua - Obispo Ballester,7,17
2026-08-01T06:01:01Z,st_d4sl14d0ol7c73bfvs4g,4 Antso Jakituna - Sancho el Sabio,8,16
2026-08-01T06:01:01Z,st_d4sl14gvnoqc739efe8g,5 Mendizorrotza - Mendizorroza,0,12
2026-08-01T06:01:01Z,st_d4sl14h4gpvs73agnodg,6 Unibertsitatea - Universidad,1,9
2026-08-01T06:01:01Z,st_d4sl14gvnoqc739efea0,7 Salburuko gizarte-etxea - C.C. Salburua,5,12
2026-08-01T06:01:01Z,st_d4sl14gvnoqc739efebg,9 Ibaiondoko gizarte-etxea - C.C. Ibaiondo,10,13
2026-08-01T06:01:01Z,st_d4sl14gvnoqc739efed0,10 AUO - HUA,3,9
2026-08-01T06:01:01Z,st_d4sl14p4gpvs73agnoi0,11 San Martin (Udala) - Ayuntamiento San Martín,0,10
2026-08-01T06:01:01Z,st_d51sccd4faec738epl3g,12 Zabalganeko gizarte-etxea - CC Zabalgana,2,8
2026-08-01T06:01:01Z,st_d7p43v8g4a6c73a823dg,8 Tren geltokia - Estación de Tren,2,9
2026-08-01T06:05:41Z,st_d4sl1494gpvs73agno80,1 Autobus geltokia - Estación de autobuses,19,5
2026-08-01T06:05:41Z,st_d4sl14emk29c73efcpf0,2 Leizaola plaza - Plaza de Leizaola,13,11
2026-08-01T06:05:41Z,st_d4sl14ffimdc73fprpdg,3 Ballester apezpikua - Obispo Ballester,7,17
2026-08-01T06:05:41Z,st_d4sl14d0ol7c73bfvs4g,4 Antso Jakituna - Sancho el Sabio,8,16
2026-08-01T06:05:41Z,st_d4sl14gvnoqc739efe8g,5 Mendizorrotza - Mendizorroza,0,12
2026-08-01T06:05:41Z,st_d4sl14h4gpvs73agnodg,6 Unibertsitatea - Universidad,1,9
2026-08-01T06:05:41Z,st_d4sl14gvnoqc739efea0,7 Salburuko gizarte-etxea - C.C. Salburua,5,12
2026-08-01T06:05:41Z,st_d4sl14gvnoqc739efebg,9 Ibaiondoko gizarte-etxea - C.C. Ibaiondo,10,13
2026-08-01T06:05:41Z,st_d4sl14gvnoqc739efed0,10 AUO - HUA,3,9
2026-08-01T06:05:41Z,st_d4sl14p4gpvs73agnoi0,11 San Martin (Udala) - Ayuntamiento San Martín,0,10
2026-08-01T06:05:41Z,st_d51sccd4faec738epl3g,12 Zabalganeko gizarte-etxea - CC Zabalgana,2,8
2026-08-01T06:05:41Z,st_d7p43v8g4a6c73a823dg,8 Tren geltokia - Estación de Tren,2,9
2026-08-01T06:10:47Z,st_d4sl1494gpvs73agno80,1 Autobus geltokia - Estación de autobuses,18,6
2026-08-01T06:10:47Z,st_d4sl14emk29c73efcpf0,2 Leizaola plaza - Plaza de Leizaola,13,11
2026-08-01T06:10:47Z,st_d4sl14ffimdc73fprpdg,3 Ballester apezpikua - Obispo Ballester,6,18
2026-08-01T06:10:47Z,st_d4sl14d0ol7c73bfvs4g,4 Antso Jakituna - Sancho el Sabio,8,16
2026-08-01T06:10:47Z,st_d4sl14gvnoqc739efe8g,5 Mendizorrotza - Mendizorroza,0,12
2026-08-01T06:10:47Z,st_d4sl14h4gpvs73agnodg,6 Unibertsitatea - Universidad,1,9
2026-08-01T06:10:47Z,st_d4sl14gvnoqc739efea0,7 Salburuko gizarte-etxea - C.C. Salburua,5,12
2026-08-01T06:10:47Z,st_d4sl14gvnoqc739efebg,9 Ibaiondoko gizarte-etxea - C.C. Ibaiondo,10,13
2026-08-01T06:10:47Z,st_d4sl14gvnoqc739efed0,10 AUO - HUA,3,9
2026-08-01T06:10:47Z,st_d4sl14p4gpvs73agnoi0,11 San Martin (Udala) - Ayuntamiento San Martín,0,10
2026-08-01T06:10:47Z,st_d51sccd4faec738epl3g,12 Zabalganeko gizarte-etxea - CC Zabalgana,2,8
2026-08-01T06:10:47Z,st_d7p43v8g4a6c73a823dg,8 Tren geltokia - Estación de Tren,2,9
2026-08-01T06:15:47Z,st_d4sl1494gpvs73agno80,1 Autobus geltokia - Estación de autobuses,17,7
2026-08-01T06:15:47Z,st_d4sl14emk29c73efcpf0,2 Leizaola plaza - Plaza de Leizaola,13,11
2026-08-01T06:15:47Z,st_d4sl14ffimdc73fprpdg,3 Ballester apezpikua - Obispo Ballester,6,18
2026-08-01T06:15:47Z,st_d4sl14d0ol7c73bfvs4g,4 Antso Jakituna - Sancho el Sabio,8,16
2026-08-01T06:15:47Z,st_d4sl14gvnoqc739efe8g,5 Mendizorrotza - Mendizorroza,0,12
2026-08-01T06:15:47Z,st_d4sl14h4gpvs73agnodg,6 Unibertsitatea - Universidad,1,9
2026-08-01T06:15:47Z,st_d4sl14gvnoqc739efea0,7 Salburuko gizarte-etxea - C.C. Salburua,5,12
2026-08-01T06:15:47Z,st_d4sl14gvnoqc739efebg,9 Ibaiondoko gizarte-etxea - C.C. Ibaiondo,10,13
2026-08-01T06:15:47Z,st_d4sl14gvnoqc739efed0,10 AUO - HUA,3,9
2026-08-01T06:15:47Z,st_d4sl14p4gpvs73agnoi0,11 San Martin (Udala) - Ayuntamiento San Martín,0,10
2026-08-01T06:15:47Z,st_d51sccd4faec738epl3g,12 Zabalganeko gizarte-etxea - CC Zabalgana,2,8
2026-08-01T06:15:47Z,st_d7p43v8g4a6c73a823dg,8 Tren geltokia - Estación de Tren,2,9
2026-08-01T06:20:52Z,st_d4sl1494gpvs73agno80,1 Autobus geltokia - Estación de autobuses,17,7
2026-08-01T06:20:52Z,st_d4sl14emk29c73efcpf0,2 Leizaola plaza - Plaza de Leizaola,13,11
2026-08-01T06:20:52Z,st_d4sl14ffimdc73fprpdg,3 Ballester apezpikua - Obispo Ballester,6,18
2026-08-01T06:20:52Z,st_d4sl14d0ol7c73bfvs4g,4 Antso Jakituna - Sancho el Sabio,8,16
2026-08-01T06:20:52Z,st_d4sl14gvnoqc739efe8g,5 Mendizorrotza - Mendizorroza,0,12
2026-08-01T06:20:52Z,st_d4sl14h4gpvs73agnodg,6 Unibertsitatea - Universidad,1,9
2026-08-01T06:20:52Z,st_d4sl14gvnoqc739efea0,7 Salburuko gizarte-etxea - C.C. Salburua,5,12
2026-08-01T06:20:52Z,st_d4sl14gvnoqc739efebg,9 Ibaiondoko gizarte-etxea - C.C. Ibaiondo,10,13
2026-08-01T06:20:52Z,st_d4sl14gvnoqc739efed0,10 AUO - HUA,3,9
2026-08-01T06:20:52Z,st_d4sl14p4gpvs73agnoi0,11 San Martin (Udala) - Ayuntamiento San Martín,0,10
2026-08-01T06:20:52Z,st_d51sccd4faec738epl3g,12 Zabalganeko gizarte-etxea - CC Zabalgana,2,8
2026-08-01T06:20:52Z,st_d7p43v8g4a6c73a823dg,8 Tren geltokia - Estación de Tren,2,9
2026-08-01T06:25:48Z,st_d4sl1494gpvs73agno80,1 Autobus geltokia - Estación de autobuses,18,6
2026-08-01T06:25:48Z,st_d4sl14emk29c73efcpf0,2 Leizaola plaza - Plaza de Leizaola,13,11
2026-08-01T06:25:48Z,st_d4sl14ffimdc73fprpdg,3 Ballester apezpikua - Obispo Ballester,6,18
2026-08-01T06:25:48Z,st_d4sl14d0ol7c73bfvs4g,4 Antso Jakituna - Sancho el Sabio,8,16
2026-08-01T06:25:48Z,st_d4sl14gvnoqc739efe8g,5 Mendizorrotza - Mendizorroza,0,12
2026-08-01T06:25:48Z,st_d4sl14h4gpvs73agnodg,6 Unibertsitatea - Universidad,1,9
2026-08-01T06:25:48Z,st_d4sl14gvnoqc739efea0,7 Salburuko gizarte-etxea - C.C. Salburua,5,12
2026-08-01T06:25:48Z,st_d4sl14gvnoqc739efebg,9 Ibaiondoko gizarte-etxea - C.C. Ibaiondo,4,19
2026-08-01T06:25:48Z,st_d4sl14gvnoqc739efed0,10 AUO - HUA,3,9
2026-08-01T06:25:48Z,st_d4sl14p4gpvs73agnoi0,11 San Martin (Udala) - Ayuntamiento San Martín,0,10
2026-08-01T06:25:48Z,st_d51sccd4faec738epl3g,12 Zabalganeko gizarte-etxea - CC Zabalgana,2,8
2026-08-01T06:25:48Z,st_d7p43v8g4a6c73a823dg,8 Tren geltokia - Estación de Tren,1,10
2026-08-01T06:30:53Z,st_d4sl1494gpvs73agno80,1 Autobus geltokia - Estación de autobuses,17,7
2026-08-01T06:30:53Z,st_d4sl14emk29c73efcpf0,2 Leizaola plaza - Plaza de Leizaola,13,11
2026-08-01T06:30:53Z,st_d4sl14ffimdc73fprpdg,3 Ballester apezpikua - Obispo Ballester,6,18
2026-08-01T06:30:53Z,st_d4sl14d0ol7c73bfvs4g,4 Antso Jakituna - Sancho el Sabio,8,16
2026-08-01T06:30:53Z,st_d4sl14gvnoqc739efe8g,5 Mendizorrotza - Mendizorroza,0,12
2026-08-01T06:30:53Z,st_d4sl14h4gpvs73agnodg,6 Unibertsitatea - Universidad,1,9
2026-08-01T06:30:53Z,st_d4sl14gvnoqc739efea0,7 Salburuko gizarte-etxea - C.C. Salburua,5,12
2026-08-01T06:30:53Z,st_d4sl14gvnoqc739efebg,9 Ibaiondoko gizarte-etxea - C.C. Ibaiondo,4,19
2026-08-01T06:30:53Z,st_d4sl14gvnoqc739efed0,10 AUO - HUA,3,9
2026-08-01T06:30:53Z,st_d4sl14p4gpvs73agnoi0,11 San Martin (Udala) - Ayuntamiento San Martín,0,10
2026-08-01T06:30:53Z,st_d51sccd4faec738epl3g,12 Zabalganeko gizarte-etxea - CC Zabalgana,2,8
2026-08-01T06:30:53Z,st_d7p43v8g4a6c73a823dg,8 Tren geltokia - Estación de Tren,1,10
2026-08-01T06:35:46Z,st_d4sl1494gpvs73agno80,1 Autobus geltokia - Estación de autobuses,18,6
2026-08-01T06:35:46Z,st_d4sl14emk29c73efcpf0,2 Leizaola plaza - Plaza de Leizaola,13,11
2026-08-01T06:35:46Z,st_d4sl14ffimdc73fprpdg,3 Ballester apezpikua - Obispo Ballester,6,18
2026-08-01T06:35:46Z,st_d4sl14d0ol7c73bfvs4g,4 Antso Jakituna - Sancho el Sabio,8,16
2026-08-01T06:35:46Z,st_d4sl14gvnoqc739efe8g,5 Mendizorrotza - Mendizorroza,0,12
2026-08-01T06:35:46Z,st_d4sl14h4gpvs73agnodg,6 Unibertsitatea - Universidad,1,9
2026-08-01T06:35:46Z,st_d4sl14gvnoqc739efea0,7 Salburuko gizarte-etxea - C.C. Salburua,5,12
2026-08-01T06:35:46Z,st_d4sl14gvnoqc739efebg,9 Ibaiondoko gizarte-etxea - C.C. Ibaiondo,4,19
2026-08-01T06:35:46Z,st_d4sl14gvnoqc739efed0,10 AUO - HUA,3,9
2026-08-01T06:35:46Z,st_d4sl14p4gpvs73agnoi0,11 San Martin (Udala) - Ayuntamiento San Martín,0,10
2026-08-01T06:35:46Z,st_d51sccd4faec738epl3g,12 Zabalganeko gizarte-etxea - CC Zabalgana,3,7
2026-08-01T06:35:46Z,st_d7p43v8g4a6c73a823dg,8 Tren geltokia - Estación de Tren,1,10
2026-08-01T06:40:56Z,st_d4sl1494gpvs73agno80,1 Autobus geltokia - Estación de autobuses,19,5
2026-08-01T06:40:56Z,st_d4sl14emk29c73efcpf0,2 Leizaola plaza - Plaza de Leizaola,13,11
2026-08-01T06:40:56Z,st_d4sl14ffimdc73fprpdg,3 Ballester apezpikua - Obispo Ballester,6,18
2026-08-01T06:40:56Z,st_d4sl14d0ol7c73bfvs4g,4 Antso Jakituna - Sancho el Sabio,8,16
2026-08-01T06:40:56Z,st_d4sl14gvnoqc739efe8g,5 Mendizorrotza - Mendizorroza,0,12
2026-08-01T06:40:56Z,st_d4sl14h4gpvs73agnodg,6 Unibertsitatea - Universidad,1,9
2026-08-01T06:40:56Z,st_d4sl14gvnoqc739efea0,7 Salburuko gizarte-etxea - C.C. Salburua,5,12
2026-08-01T06:40:56Z,st_d4sl14gvnoqc739efebg,9 Ibaiondoko gizarte-etxea - C.C. Ibaiondo,4,19
2026-08-01T06:40:56Z,st_d4sl14gvnoqc739efed0,10 AUO - HUA,4,8
2026-08-01T06:40:56Z,st_d4sl14p4gpvs73agnoi0,11 San Martin (Udala) - Ayuntamiento San Martín,0,10
2026-08-01T06:40:56Z,st_d51sccd4faec738epl3g,12 Zabalganeko gizarte-etxea - CC Zabalgana,4,6
2026-08-01T06:40:56Z,st_d7p43v8g4a6c73a823dg,8 Tren geltokia - Estación de Tren,1,10
2026-08-01T06:45:48Z,st_d4sl1494gpvs73agno80,1 Autobus geltokia - Estación de autobuses,19,5
2026-08-01T06:45:48Z,st_d4sl14emk29c73efcpf0,2 Leizaola plaza - Plaza de Leizaola,13,11
2026-08-01T06:45:48Z,st_d4sl14ffimdc73fprpdg,3 Ballester apezpikua - Obispo Ballester,5,19
2026-08-01T06:45:48Z,st_d4sl14d0ol7c73bfvs4g,4 Antso Jakituna - Sancho el Sabio,8,16
2026-08-01T06:45:48Z,st_d4sl14gvnoqc739efe8g,5 Mendizorrotza - Mendizorroza,0,12
2026-08-01T06:45:48Z,st_d4sl14h4gpvs73agnodg,6 Unibertsitatea - Universidad,1,9
2026-08-01T06:45:48Z,st_d4sl14gvnoqc739efea0,7 Salburuko gizarte-etxea - C.C. Salburua,5,12
2026-08-01T06:45:48Z,st_d4sl14gvnoqc739efebg,9 Ibaiondoko gizarte-etxea - C.C. Ibaiondo,4,19
2026-08-01T06:45:48Z,st_d4sl14gvnoqc739efed0,10 AUO - HUA,4,8
2026-08-01T06:45:48Z,st_d4sl14p4gpvs73agnoi0,11 San Martin (Udala) - Ayuntamiento San Martín,4,6
2026-08-01T06:45:48Z,st_d51sccd4faec738epl3g,12 Zabalganeko gizarte-etxea - CC Zabalgana,4,6
2026-08-01T06:45:48Z,st_d7p43v8g4a6c73a823dg,8 Tren geltokia - Estación de Tren,1,10
2026-08-01T06:50:47Z,st_d4sl1494gpvs73agno80,1 Autobus geltokia - Estación de autobuses,19,5
2026-08-01T06:50:47Z,st_d4sl14emk29c73efcpf0,2 Leizaola plaza - Plaza de Leizaola,13,11
2026-08-01T06:50:47Z,st_d4sl14ffimdc73fprpdg,3 Ballester apezpikua - Obispo Ballester,4,20
2026-08-01T06:50:47Z,st_d4sl14d0ol7c73bfvs4g,4 Antso Jakituna - Sancho el Sabio,8,16
2026-08-01T06:50:47Z,st_d4sl14gvnoqc739efe8g,5 Mendizorrotza - Mendizorroza,0,12
2026-08-01T06:50:47Z,st_d4sl14h4gpvs73agnodg,6 Unibertsitatea - Universidad,1,9
2026-08-01T06:50:47Z,st_d4sl14gvnoqc739efea0,7 Salburuko gizarte-etxea - C.C. Salburua,5,12
2026-08-01T06:50:47Z,st_d4sl14gvnoqc739efebg,9 Ibaiondoko gizarte-etxea - C.C. Ibaiondo,4,19
2026-08-01T06:50:47Z,st_d4sl14gvnoqc739efed0,10 AUO - HUA,4,8
2026-08-01T06:50:47Z,st_d4sl14p4gpvs73agnoi0,11 San Martin (Udala) - Ayuntamiento San Martín,4,6
2026-08-01T06:50:47Z,st_d51sccd4faec738epl3g,12 Zabalganeko gizarte-etxea - CC Zabalgana,4,6
2026-08-01T06:50:47Z,st_d7p43v8g4a6c73a823dg,8 Tren geltokia - Estación de Tren,1,10
2026-08-01T06:55:43Z,st_d4sl1494gpvs73agno80,1 Autobus geltokia - Estación de autobuses,19,5
2026-08-01T06:55:43Z,st_d4sl14emk29c73efcpf0,2 Leizaola plaza - Plaza de Leizaola,14,10
2026-08-01T06:55:43Z,st_d4sl14ffimdc73fprpdg,3 Ballester apezpikua - Obispo Ballester,4,20
2026-08-01T06:55:43Z,st_d4sl14d0ol7c73bfvs4g,4 Antso Jakituna - Sancho el Sabio,8,16
2026-08-01T06:55:43Z,st_d4sl14gvnoqc739efe8g,5 Mendizorrotza - Mendizorroza,0,12
2026-08-01T06:55:43Z,st_d4sl14h4gpvs73agnodg,6 Unibertsitatea - Universidad,1,9
2026-08-01T06:55:43Z,st_d4sl14gvnoqc739efea0,7 Salburuko gizarte-etxea - C.C. Salburua,5,12
2026-08-01T06:55:43Z,st_d4sl14gvnoqc739efebg,9 Ibaiondoko gizarte-etxea - C.C. Ibaiondo,4,19
2026-08-01T06:55:43Z,st_d4sl14gvnoqc739efed0,10 AUO - HUA,4,8
2026-08-01T06:55:43Z,st_d4sl14p4gpvs73agnoi0,11 San Martin (Udala) - Ayuntamiento San Martín,4,6
2026-08-01T06:55:43Z,st_d51sccd4faec738epl3g,12 Zabalganeko gizarte-etxea - CC Zabalgana,4,6
2026-08-01T06:55:43Z,st_d7p43v8g4a6c73a823dg,8 Tren geltokia - Estación de Tren,1,10
2026-08-01T07:01:05Z,st_d4sl1494gpvs73agno80,1 Autobus geltokia - Estación de autobuses,14,10
2026-08-01T07:01:05Z,st_d4sl14emk29c73efcpf0,2 Leizaola plaza - Plaza de Leizaola,16,8
2026-08-01T07:01:05Z,st_d4sl14ffimdc73fprpdg,3 Ballester apezpikua - Obispo Ballester,4,20
2026-08-01T07:01:05Z,st_d4sl14d0ol7c73bfvs4g,4 Antso Jakituna - Sancho el Sabio,8,16
2026-08-01T07:01:05Z,st_d4sl14gvnoqc739efe8g,5 Mendizorrotza - Mendizorroza,0,12
2026-08-01T07:01:05Z,st_d4sl14h4gpvs73agnodg,6 Unibertsitatea - Universidad,1,9
2026-08-01T07:01:05Z,st_d4sl14gvnoqc739efea0,7 Salburuko gizarte-etxea - C.C. Salburua,5,12
2026-08-01T07:01:05Z,st_d4sl14gvnoqc739efebg,9 Ibaiondoko gizarte-etxea - C.C. Ibaiondo,4,19
2026-08-01T07:01:05Z,st_d4sl14gvnoqc739efed0,10 AUO - HUA,4,8
2026-08-01T07:01:05Z,st_d4sl14p4gpvs73agnoi0,11 San Martin (Udala) - Ayuntamiento San Martín,4,6
2026-08-01T07:01:05Z,st_d51sccd4faec738epl3g,12 Zabalganeko gizarte-etxea - CC Zabalgana,4,6
2026-08-01T07:01:05Z,st_d7p43v8g4a6c73a823dg,8 Tren geltokia - Estación de Tren,1,10
2026-08-01T07:05:43Z,st_d4sl1494gpvs73agno80,1 Autobus geltokia - Estación de autobuses,14,10
2026-08-01T07:05:43Z,st_d4sl14emk29c73efcpf0,2 Leizaola plaza - Plaza de Leizaola,16,8
2026-08-01T07:05:43Z,st_d4sl14ffimdc73fprpdg,3 Ballester apezpikua - Obispo Ballester,4,20
2026-08-01T07:05:43Z,st_d4sl14d0ol7c73bfvs4g,4 Antso Jakituna - Sancho el Sabio,8,16
2026-08-01T07:05:43Z,st_d4sl14gvnoqc739efe8g,5 Mendizorrotza - Mendizorroza,0,12
2026-08-01T07:05:43Z,st_d4sl14h4gpvs73agnodg,6 Unibertsitatea - Universidad,1,9
2026-08-01T07:05:43Z,st_d4sl14gvnoqc739efea0,7 Salburuko gizarte-etxea - C.C. Salburua,5,12
2026-08-01T07:05:43Z,st_d4sl14gvnoqc739efebg,9 Ibaiondoko gizarte-etxea - C.C. Ibaiondo,4,19
2026-08-01T07:05:43Z,st_d4sl14gvnoqc739efed0,10 AUO - HUA,4,8
2026-08-01T07:05:43Z,st_d4sl14p4gpvs73agnoi0,11 San Martin (Udala) - Ayuntamiento San Martín,4,6
2026-08-01T07:05:43Z,st_d51sccd4faec738epl3g,12 Zabalganeko gizarte-etxea - CC Zabalgana,4,6
2026-08-01T07:05:43Z,st_d7p43v8g4a6c73a823dg,8 Tren geltokia - Estación de Tren,1,10
2026-08-01T07:10:42Z,st_d4sl1494gpvs73agno80,1 Autobus geltokia - Estación de autobuses,14,10
2026-08-01T07:10:42Z,st_d4sl14emk29c73efcpf0,2 Leizaola plaza - Plaza de Leizaola,15,9
2026-08-01T07:10:42Z,st_d4sl14ffimdc73fprpdg,3 Ballester apezpikua - Obispo Ballester,5,19
2026-08-01T07:10:42Z,st_d4sl14d0ol7c73bfvs4g,4 Antso Jakituna - Sancho el Sabio,8,16
2026-08-01T07:10:42Z,st_d4sl14gvnoqc739efe8g,5 Mendizorrotza - Mendizorroza,0,12
2026-08-01T07:10:42Z,st_d4sl14h4gpvs73agnodg,6 Unibertsitatea - Universidad,1,9
2026-08-01T07:10:42Z,st_d4sl14gvnoqc739efea0,7 Salburuko gizarte-etxea - C.C. Salburua,5,12
2026-08-01T07:10:42Z,st_d4sl14gvnoqc739efebg,9 Ibaiondoko gizarte-etxea - C.C. Ibaiondo,4,19
2026-08-01T07:10:42Z,st_d4sl14gvnoqc739efed0,10 AUO - HUA,4,8
2026-08-01T07:10:42Z,st_d4sl14p4gpvs73agnoi0,11 San Martin (Udala) - Ayuntamiento San Martín,4,6
2026-08-01T07:10:42Z,st_d51sccd4faec738epl3g,12 Zabalganeko gizarte-etxea - CC Zabalgana,4,6
2026-08-01T07:10:42Z,st_d7p43v8g4a6c73a823dg,8 Tren geltokia - Estación de Tren,1,10
2026-08-01T07:15:39Z,st_d4sl1494gpvs73agno80,1 Autobus geltokia - Estación de autobuses,14,10
2026-08-01T07:15:39Z,st_d4sl14emk29c73efcpf0,2 Leizaola plaza - Plaza de Leizaola,15,9
2026-08-01T07:15:39Z,st_d4sl14ffimdc73fprpdg,3 Ballester apezpikua - Obispo Ballester,8,16
2026-08-01T07:15:39Z,st_d4sl14d0ol7c73bfvs4g,4 Antso Jakituna - Sancho el Sabio,8,16
2026-08-01T07:15:39Z,st_d4sl14gvnoqc739efe8g,5 Mendizorrotza - Mendizorroza,0,12
2026-08-01T07:15:39Z,st_d4sl14h4gpvs73agnodg,6 Unibertsitatea - Universidad,1,9
2026-08-01T07:15:39Z,st_d4sl14gvnoqc739efea0,7 Salburuko gizarte-etxea - C.C. Salburua,5,12
2026-08-01T07:15:39Z,st_d4sl14gvnoqc739efebg,9 Ibaiondoko gizarte-etxea - C.C. Ibaiondo,4,19
2026-08-01T07:15:39Z,st_d4sl14gvnoqc739efed0,10 AUO - HUA,4,8
2026-08-01T07:15:39Z,st_d4sl14p4gpvs73agnoi0,11 San Martin (Udala) - Ayuntamiento San Martín,4,6
2026-08-01T07:15:39Z,st_d51sccd4faec738epl3g,12 Zabalganeko gizarte-etxea - CC Zabalgana,4,6
2026-08-01T07:15:39Z,st_d7p43v8g4a6c73a823dg,8 Tren geltokia - Estación de Tren,1,10
2026-08-01T07:20:46Z,st_d4sl1494gpvs73agno80,1 Autobus geltokia - Estación de autobuses,14,10
2026-08-01T07:20:46Z,st_d4sl14emk29c73efcpf0,2 Leizaola plaza - Plaza de Leizaola,15,9
2026-08-01T07:20:46Z,st_d4sl14ffimdc73fprpdg,3 Ballester apezpikua - Obispo Ballester,10,14
2026-08-01T07:20:46Z,st_d4sl14d0ol7c73bfvs4g,4 Antso Jakituna - Sancho el Sabio,8,16
2026-08-01T07:20:46Z,st_d4sl14gvnoqc739efe8g,5 Mendizorrotza - Mendizorroza,0,12
2026-08-01T07:20:46Z,st_d4sl14h4gpvs73agnodg,6 Unibertsitatea - Universidad,1,9
2026-08-01T07:20:46Z,st_d4sl14gvnoqc739efea0,7 Salburuko gizarte-etxea - C.C. Salburua,5,12
2026-08-01T07:20:46Z,st_d4sl14gvnoqc739efebg,9 Ibaiondoko gizarte-etxea - C.C. Ibaiondo,4,19
2026-08-01T07:20:46Z,st_d4sl14gvnoqc739efed0,10 AUO - HUA,4,8
2026-08-01T07:20:46Z,st_d4sl14p4gpvs73agnoi0,11 San Martin (Udala) - Ayuntamiento San Martín,4,6
2026-08-01T07:20:46Z,st_d51sccd4faec738epl3g,12 Zabalganeko gizarte-etxea - CC Zabalgana,4,6
2026-08-01T07:20:46Z,st_d7p43v8g4a6c73a823dg,8 Tren geltokia - Estación de Tren,1,10
2026-08-01T07:25:41Z,st_d4sl1494gpvs73agno80,1 Autobus geltokia - Estación de autobuses,14,10
2026-08-01T07:25:41Z,st_d4sl14emk29c73efcpf0,2 Leizaola plaza - Plaza de Leizaola,10,14
2026-08-01T07:25:41Z,st_d4sl14ffimdc73fprpdg,3 Ballester apezpikua - Obispo Ballester,11,13
2026-08-01T07:25:41Z,st_d4sl14d0ol7c73bfvs4g,4 Antso Jakituna - Sancho el Sabio,8,16
2026-08-01T07:25:41Z,st_d4sl14gvnoqc739efe8g,5 Mendizorrotza - Mendizorroza,0,12
2026-08-01T07:25:41Z,st_d4sl14h4gpvs73agnodg,6 Unibertsitatea - Universidad,1,9
2026-08-01T07:25:41Z,st_d4sl14gvnoqc739efea0,7 Salburuko gizarte-etxea - C.C. Salburua,5,12
2026-08-01T07:25:41Z,st_d4sl14gvnoqc739efebg,9 Ibaiondoko gizarte-etxea - C.C. Ibaiondo,4,19
2026-08-01T07:25:41Z,st_d4sl14gvnoqc739efed0,10 AUO - HUA,4,8
2026-08-01T07:25:41Z,st_d4sl14p4gpvs73agnoi0,11 San Martin (Udala) - Ayuntamiento San Martín,4,6
2026-08-01T07:25:41Z,st_d51sccd4faec738epl3g,12 Zabalganeko gizarte-etxea - CC Zabalgana,5,5
2026-08-01T07:25:41Z,st_d7p43v8g4a6c73a823dg,8 Tren geltokia - Estación de Tren,1,10
2026-08-01T07:30:44Z,st_d4sl1494gpvs73agno80,1 Autobus geltokia - Estación de autobuses,14,10
2026-08-01T07:30:44Z,st_d4sl14emk29c73efcpf0,2 Leizaola plaza - Plaza de Leizaola,10,14
2026-08-01T07:30:44Z,st_d4sl14ffimdc73fprpdg,3 Ballester apezpikua - Obispo Ballester,11,13
2026-08-01T07:30:44Z,st_d4sl14d0ol7c73bfvs4g,4 Antso Jakituna - Sancho el Sabio,8,16
2026-08-01T07:30:44Z,st_d4sl14gvnoqc739efe8g,5 Mendizorrotza - Mendizorroza,0,12
2026-08-01T07:30:44Z,st_d4sl14h4gpvs73agnodg,6 Unibertsitatea - Universidad,1,9
2026-08-01T07:30:44Z,st_d4sl14gvnoqc739efea0,7 Salburuko gizarte-etxea - C.C. Salburua,5,12
2026-08-01T07:30:44Z,st_d4sl14gvnoqc739efebg,9 Ibaiondoko gizarte-etxea - C.C. Ibaiondo,4,19
2026-08-01T07:30:44Z,st_d4sl14gvnoqc739efed0,10 AUO - HUA,4,8
2026-08-01T07:30:44Z,st_d4sl14p4gpvs73agnoi0,11 San Martin (Udala) - Ayuntamiento San Martín,4,6
2026-08-01T07:30:44Z,st_d51sccd4faec738epl3g,12 Zabalganeko gizarte-etxea - CC Zabalgana,5,5
2026-08-01T07:30:44Z,st_d7p43v8g4a6c73a823dg,8 Tren geltokia - Estación de Tren,1,10
2026-08-01T07:35:49Z,st_d4sl1494gpvs73agno80,1 Autobus geltokia - Estación de autobuses,14,10
2026-08-01T07:35:49Z,st_d4sl14emk29c73efcpf0,2 Leizaola plaza - Plaza de Leizaola,10,14
2026-08-01T07:35:49Z,st_d4sl14ffimdc73fprpdg,3 Ballester apezpikua - Obispo Ballester,11,13
2026-08-01T07:35:49Z,st_d4sl14d0ol7c73bfvs4g,4 Antso Jakituna - Sancho el Sabio,8,16
2026-08-01T07:35:49Z,st_d4sl14gvnoqc739efe8g,5 Mendizorrotza - Mendizorroza,0,12
2026-08-01T07:35:49Z,st_d4sl14h4gpvs73agnodg,6 Unibertsitatea - Universidad,1,9
2026-08-01T07:35:49Z,st_d4sl14gvnoqc739efea0,7 Salburuko gizarte-etxea - C.C. Salburua,5,12
2026-08-01T07:35:49Z,st_d4sl14gvnoqc739efebg,9 Ibaiondoko gizarte-etxea - C.C. Ibaiondo,4,19
2026-08-01T07:35:49Z,st_d4sl14gvnoqc739efed0,10 AUO - HUA,4,8
2026-08-01T07:35:49Z,st_d4sl14p4gpvs73agnoi0,11 San Martin (Udala) - Ayuntamiento San Martín,4,6
2026-08-01T07:35:49Z,st_d51sccd4faec738epl3g,12 Zabalganeko gizarte-etxea - CC Zabalgana,5,5
2026-08-01T07:35:49Z,st_d7p43v8g4a6c73a823dg,8 Tren geltokia - Estación de Tren,1,10
2026-08-01T07:40:54Z,st_d4sl1494gpvs73agno80,1 Autobus geltokia - Estación de autobuses,14,10
2026-08-01T07:40:54Z,st_d4sl14emk29c73efcpf0,2 Leizaola plaza - Plaza de Leizaola,10,14
2026-08-01T07:40:54Z,st_d4sl14ffimdc73fprpdg,3 Ballester apezpikua - Obispo Ballester,11,13
2026-08-01T07:40:54Z,st_d4sl14d0ol7c73bfvs4g,4 Antso Jakituna - Sancho el Sabio,8,16
2026-08-01T07:40:54Z,st_d4sl14gvnoqc739efe8g,5 Mendizorrotza - Mendizorroza,0,12
2026-08-01T07:40:54Z,st_d4sl14h4gpvs73agnodg,6 Unibertsitatea - Universidad,2,8
2026-08-01T07:40:54Z,st_d4sl14gvnoqc739efea0,7 Salburuko gizarte-etxea - C.C. Salburua,5,12
2026-08-01T07:40:54Z,st_d4sl14gvnoqc739efebg,9 Ibaiondoko gizarte-etxea - C.C. Ibaiondo,4,19
2026-08-01T07:40:54Z,st_d4sl14gvnoqc739efed0,10 AUO - HUA,4,8
2026-08-01T07:40:54Z,st_d4sl14p4gpvs73agnoi0,11 San Martin (Udala) - Ayuntamiento San Martín,4,6
2026-08-01T07:40:54Z,st_d51sccd4faec738epl3g,12 Zabalganeko gizarte-etxea - CC Zabalgana,5,5
2026-08-01T07:40:54Z,st_d7p43v8g4a6c73a823dg,8 Tren geltokia - Estación de Tren,1,10
2026-08-01T07:45:55Z,st_d4sl1494gpvs73agno80,1 Autobus geltokia - Estación de autobuses,14,10
2026-08-01T07:45:55Z,st_d4sl14emk29c73efcpf0,2 Leizaola plaza - Plaza de Leizaola,10,14
2026-08-01T07:45:55Z,st_d4sl14ffimdc73fprpdg,3 Ballester apezpikua - Obispo Ballester,11,13
2026-08-01T07:45:55Z,st_d4sl14d0ol7c73bfvs4g,4 Antso Jakituna - Sancho el Sabio,8,16
2026-08-01T07:45:55Z,st_d4sl14gvnoqc739efe8g,5 Mendizorrotza - Mendizorroza,0,12
2026-08-01T07:45:55Z,st_d4sl14h4gpvs73agnodg,6 Unibertsitatea - Universidad,2,8
2026-08-01T07:45:55Z,st_d4sl14gvnoqc739efea0,7 Salburuko gizarte-etxea - C.C. Salburua,5,12
2026-08-01T07:45:55Z,st_d4sl14gvnoqc739efebg,9 Ibaiondoko gizarte-etxea - C.C. Ibaiondo,4,19
2026-08-01T07:45:55Z,st_d4sl14gvnoqc739efed0,10 AUO - HUA,4,8
2026-08-01T07:45:55Z,st_d4sl14p4gpvs73agnoi0,11 San Martin (Udala) - Ayuntamiento San Martín,4,6
2026-08-01T07:45:55Z,st_d51sccd4faec738epl3g,12 Zabalganeko gizarte-etxea - CC Zabalgana,5,5
2026-08-01T07:45:55Z,st_d7p43v8g4a6c73a823dg,8 Tren geltokia - Estación de Tren,4,7
2026-08-01T07:50:50Z,st_d4sl1494gpvs73agno80,1 Autobus geltokia - Estación de autobuses,14,10
2026-08-01T07:50:50Z,st_d4sl14emk29c73efcpf0,2 Leizaola plaza - Plaza de Leizaola,10,14
2026-08-01T07:50:50Z,st_d4sl14ffimdc73fprpdg,3 Ballester apezpikua - Obispo Ballester,11,13
2026-08-01T07:50:50Z,st_d4sl14d0ol7c73bfvs4g,4 Antso Jakituna - Sancho el Sabio,8,16
2026-08-01T07:50:50Z,st_d4sl14gvnoqc739efe8g,5 Mendizorrotza - Mendizorroza,0,12
2026-08-01T07:50:50Z,st_d4sl14h4gpvs73agnodg,6 Unibertsitatea - Universidad,3,7
2026-08-01T07:50:50Z,st_d4sl14gvnoqc739efea0,7 Salburuko gizarte-etxea - C.C. Salburua,5,12
2026-08-01T07:50:50Z,st_d4sl14gvnoqc739efebg,9 Ibaiondoko gizarte-etxea - C.C. Ibaiondo,4,19
2026-08-01T07:50:50Z,st_d4sl14gvnoqc739efed0,10 AUO - HUA,4,8
2026-08-01T07:50:50Z,st_d4sl14p4gpvs73agnoi0,11 San Martin (Udala) - Ayuntamiento San Martín,4,6
2026-08-01T07:50:50Z,st_d51sccd4faec738epl3g,12 Zabalganeko gizarte-etxea - CC Zabalgana,5,5
2026-08-01T07:50:50Z,st_d7p43v8g4a6c73a823dg,8 Tren geltokia - Estación de Tren,4,7
2026-08-01T07:55:42Z,st_d4sl1494gpvs73agno80,1 Autobus geltokia - Estación de autobuses,14,10
2026-08-01T07:55:42Z,st_d4sl14emk29c73efcpf0,2 Leizaola plaza - Plaza de Leizaola,10,14
2026-08-01T07:55:42Z,st_d4sl14ffimdc73fprpdg,3 Ballester apezpikua - Obispo Ballester,11,13
2026-08-01T07:55:42Z,st_d4sl14d0ol7c73bfvs4g,4 Antso Jakituna - Sancho el Sabio,8,16
2026-08-01T07:55:42Z,st_d4sl14gvnoqc739efe8g,5 Mendizorrotza - Mendizorroza,0,12
2026-08-01T07:55:42Z,st_d4sl14h4gpvs73agnodg,6 Unibertsitatea - Universidad,3,7
2026-08-01T07:55:42Z,st_d4sl14gvnoqc739efea0,7 Salburuko gizarte-etxea - C.C. Salburua,5,12
2026-08-01T07:55:42Z,st_d4sl14gvnoqc739efebg,9 Ibaiondoko gizarte-etxea - C.C. Ibaiondo,4,19
2026-08-01T07:55:42Z,st_d4sl14gvnoqc739efed0,10 AUO - HUA,4,8
2026-08-01T07:55:42Z,st_d4sl14p4gpvs73agnoi0,11 San Martin (Udala) - Ayuntamiento San Martín,4,6
2026-08-01T07:55:42Z,st_d51sccd4faec738epl3g,12 Zabalganeko gizarte-etxea - CC Zabalgana,5,5
2026-08-01T07:55:42Z,st_d7p43v8g4a6c73a823dg,8 Tren geltokia - Estación de Tren,4,7
2026-08-01T08:01:02Z,st_d4sl1494gpvs73agno80,1 Autobus geltokia - Estación de autobuses,14,10
2026-08-01T08:01:02Z,st_d4sl14emk29c73efcpf0,2 Leizaola plaza - Plaza de Leizaola,10,14
2026-08-01T08:01:02Z,st_d4sl14ffimdc73fprpdg,3 Ballester apezpikua - Obispo Ballester,11,13
2026-08-01T08:01:02Z,st_d4sl14d0ol7c73bfvs4g,4 Antso Jakituna - Sancho el Sabio,8,16
2026-08-01T08:01:02Z,st_d4sl14gvnoqc739efe8g,5 Mendizorrotza - Mendizorroza,4,8
2026-08-01T08:01:02Z,st_d4sl14h4gpvs73agnodg,6 Unibertsitatea - Universidad,3,7
2026-08-01T08:01:02Z,st_d4sl14gvnoqc739efea0,7 Salburuko gizarte-etxea - C.C. Salburua,4,13
2026-08-01T08:01:02Z,st_d4sl14gvnoqc739efebg,9 Ibaiondoko gizarte-etxea - C.C. Ibaiondo,4,19
2026-08-01T08:01:02Z,st_d4sl14gvnoqc739efed0,10 AUO - HUA,4,8
2026-08-01T08:01:02Z,st_d4sl14p4gpvs73agnoi0,11 San Martin (Udala) - Ayuntamiento San Martín,4,6
2026-08-01T08:01:02Z,st_d51sccd4faec738epl3g,12 Zabalganeko gizarte-etxea - CC Zabalgana,5,5
2026-08-01T08:01:02Z,st_d7p43v8g4a6c73a823dg,8 Tren geltokia - Estación de Tren,4,7
